phase,x_pos,y_pos,distance,video_time,gliding,matching_val_map,matching_val_phase,omitFrame
0, 420, 174,-1.000,07:44:03,0, 0.366, 0.967,0
0, 442, 233,-1.000,07:44:04,0, 0.333, 0.969,0
0, 463, 290,-1.000,07:44:05,0, 0.359, 0.968,0
0, 482, 349,61.984,07:44:06,0, 0.479, 0.967,0
0, 501, 405,59.135,07:44:07,0, 0.410, 0.966,0
0, 522, 465,63.569,07:44:08,0, 0.481, 0.967,0
0, 543, 523,61.685,07:44:09,0, 0.623, 0.966,0
0, 563, 578,58.523,07:44:10,0, 0.595, 0.967,0
0, 355, 281,-1.000,07:44:11,0, 0.174, 0.966,0
0, 610, 688,-1.000,07:44:12,0, 0.488, 0.964,0
0, 627, 753,67.186,07:44:13,0, 0.421, 0.965,0
0, 648, 814,-1.000,07:44:14,0, 0.343, 0.966,0
0, 665, 865,-1.000,07:44:15,0, 0.322, 0.966,0
0, 681, 927,-1.000,07:44:16,0, 0.408, 0.967,0
0, 701, 984,60.407,07:44:17,0, 0.426, 0.968,0
0, 723,1036,56.462,07:44:18,0, 0.434, 0.968,0
0, 747,1093,61.847,07:44:19,0, 0.433, 0.972,0
0, 747,1097, 4.000,07:44:20,1, 0.444, 0.972,0
0, 745,1110,13.153,07:44:21,1, 0.457, 0.963,0
0, 744,1122,12.042,07:44:22,1, 0.465, 0.963,0
0, 742,1134,12.166,07:44:23,1, 0.469, 0.965,0
0, 740,1146,12.166,07:44:24,1, 0.468, 0.964,0
0, 739,1158,12.042,07:44:25,1, 0.475, 0.966,0
0, 737,1170,12.166,07:44:26,1, 0.456, 0.965,0
0, 735,1182,12.166,07:44:27,1, 0.463, 0.964,0
0, 734,1193,11.045,07:44:28,1, 0.459, 0.959,0
0, 732,1204,11.180,07:44:29,0, 0.459, 0.962,0
0, 730,1216,12.166,07:44:30,1, 0.446, 0.961,0
0, 729,1228,12.042,07:44:31,1, 0.441, 0.961,0
0, 727,1240,12.166,07:44:32,1, 0.441, 0.967,0
0, 726,1250,10.050,07:44:33,1, 0.457, 0.966,0
0, 724,1262,12.166,07:44:34,1, 0.442, 0.971,0
0, 722,1273,11.180,07:44:35,1, 0.438, 0.972,0
1, 719,1287,14.318,07:44:36,1, 0.426, 0.976,0
1, 715,1301,14.560,07:44:37,1, 0.370, 0.970,0
1, 711,1315,-1.000,07:44:38,1, 0.323, 0.975,0
1, 708,1334,-1.000,07:44:39,1, 0.375, 0.977,0
1, 705,1347,13.342,07:44:40,1, 0.351, 0.973,0
1, 702,1355,-1.000,07:44:41,1, 0.346, 0.973,0
1, 698,1370,-1.000,07:44:42,1, 0.393, 0.963,0
1, 695,1385,15.297,07:44:43,1, 0.406, 0.971,0
1, 691,1399,14.560,07:44:44,0, 0.425, 0.966,0
1, 687,1415,16.492,07:44:45,0, 0.469, 0.974,0
1, 684,1430,15.297,07:44:46,0, 0.507, 0.973,0
1, 680,1445,15.524,07:44:47,0, 0.542, 0.972,0
1, 677,1459,14.318,07:44:48,0, 0.536, 0.968,0
1, 672,1473,14.866,07:44:49,0, 0.545, 0.971,0
1, 658,1481,16.125,07:44:50,1, 0.580, 0.969,0
1, 649,1487,10.817,07:44:51,1, 0.590, 0.969,0
1, 656,1493, 9.220,07:44:52,1, 0.591, 0.972,0
1, 670,1490,14.318,07:44:53,1, 0.564, 0.970,0
1, 684,1491,14.036,07:44:54,1, 0.465, 0.967,0
1, 698,1492,14.036,07:44:55,0, 0.383, 0.973,0
1, 712,1489,14.318,07:44:56,1, 0.382, 0.972,0
1, 718,1498,10.817,07:44:57,1, 0.583, 0.970,0
1, 712,1512,15.232,07:44:58,1, 0.604, 0.963,0
1, 698,1514,14.142,07:44:59,1, 0.603, 0.972,0
1, 698,1514, 0.000,07:45:00,0, 0.607, 0.969,0
1, 694,1513, 4.123,07:45:01,0, 0.591, 0.973,0
1, 690,1514, 4.123,07:45:02,0, 0.585, 0.970,0
1, 686,1515, 4.123,07:45:03,0, 0.582, 0.967,0
1, 683,1516, 3.162,07:45:04,0, 0.594, 0.971,0
1, 683,1516, 0.000,07:45:05,0, 0.588, 0.974,0
1, 683,1516, 0.000,07:45:06,0, 0.562, 0.979,0
1, 683,1516, 0.000,07:45:07,0, 0.561, 0.976,0
1, 683,1516, 0.000,07:45:08,0, 0.562, 0.977,0
1, 683,1516, 0.000,07:45:09,0, 0.563, 0.979,0
1, 683,1516, 0.000,07:45:10,0, 0.577, 0.978,0
1, 683,1516, 0.000,07:45:11,0, 0.574, 0.976,0
1, 683,1516, 0.000,07:45:12,0, 0.573, 0.977,0
1, 683,1516, 0.000,07:45:13,0, 0.573, 0.979,0
1, 683,1516, 0.000,07:45:14,0, 0.573, 0.977,0
1, 612,1475,81.988,07:45:15,0, 0.573, 0.976,0
1, 610,1477, 2.828,07:45:16,0, 0.593, 0.979,0
1, 609,1479, 2.236,07:45:17,0, 0.605, 0.971,0
1, 604,1480, 5.099,07:45:18,0, 0.598, 0.977,0
1, 602,1481, 2.236,07:45:19,0, 0.601, 0.977,0
1, 601,1485, 4.123,07:45:20,0, 0.609, 0.965,0
1, 598,1489, 5.000,07:45:21,0, 0.607, 0.960,0
1, 595,1491, 3.606,07:45:22,0, 0.609, 0.974,0
1, 594,1495, 4.123,07:45:23,0, 0.598, 0.976,0
1, 592,1498, 3.606,07:45:24,0, 0.607, 0.975,0
1, 590,1502, 4.472,07:45:25,0, 0.606, 0.966,0
1, 587,1506, 5.000,07:45:26,0, 0.616, 0.967,0
1, 587,1507, 1.000,07:45:27,0, 0.628, 0.959,0
1, 587,1506, 1.000,07:45:28,0, 0.632, 0.966,0
1, 587,1506, 0.000,07:45:29,0, 0.624, 0.972,0
1, 587,1506, 0.000,07:45:30,0, 0.595, 0.974,0
1, 587,1507, 1.000,07:45:31,0, 0.600, 0.975,0
1, 587,1507, 0.000,07:45:32,0, 0.604, 0.974,0
1, 587,1507, 0.000,07:45:33,0, 0.602, 0.977,0
1, 588,1507, 1.000,07:45:34,0, 0.603, 0.977,0
1, 591,1508, 3.162,07:45:35,0, 0.618, 0.972,0
1, 593,1509, 2.236,07:45:36,0, 0.608, 0.976,0
1, 597,1510, 4.123,07:45:37,1, 0.602, 0.968,0
1, 601,1511, 4.123,07:45:38,0, 0.593, 0.972,0
1, 605,1511, 4.000,07:45:39,0, 0.608, 0.976,0
1, 607,1514, 3.606,07:45:40,0, 0.606, 0.969,0
1, 606,1518, 4.123,07:45:41,0, 0.623, 0.974,0
1, 607,1522, 4.123,07:45:42,0, 0.606, 0.966,0
1, 609,1525, 3.606,07:45:43,0, 0.592, 0.976,0
1, 613,1528, 5.000,07:45:44,0, 0.609, 0.978,0
1, 617,1529, 4.123,07:45:45,0, 0.614, 0.981,0
1, 621,1529, 4.000,07:45:46,0, 0.616, 0.979,0
1, 624,1533, 5.000,07:45:47,0, 0.606, 0.976,0
1, 627,1536, 4.243,07:45:48,0, 0.609, 0.978,0
1, 630,1538, 3.606,07:45:49,0, 0.607, 0.979,0
1, 634,1541, 5.000,07:45:50,0, 0.618, 0.972,0
1, 637,1544, 4.243,07:45:51,0, 0.614, 0.972,0
1, 641,1545, 4.123,07:45:52,0, 0.602, 0.975,0
1, 645,1546, 4.123,07:45:53,0, 0.604, 0.978,0
1, 649,1546, 4.000,07:45:54,0, 0.607, 0.979,0
1, 653,1544, 4.472,07:45:55,0, 0.616, 0.976,0
1, 657,1542, 4.472,07:45:56,0, 0.602, 0.978,0
1, 660,1541, 3.162,07:45:57,0, 0.595, 0.975,0
1, 662,1542, 2.236,07:45:58,0, 0.606, 0.973,0
1, 664,1543, 2.236,07:45:59,0, 0.594, 0.975,0
1, 665,1542, 1.414,07:46:00,0, 0.609, 0.976,0
1, 663,1541, 2.236,07:46:01,0, 0.606, 0.975,0
1, 662,1541, 1.000,07:46:02,0, 0.590, 0.978,0
1, 662,1542, 1.000,07:46:03,0, 0.593, 0.977,0
1, 663,1541, 1.414,07:46:04,0, 0.603, 0.978,0
1, 661,1541, 2.000,07:46:05,0, 0.608, 0.968,0
1, 662,1541, 1.000,07:46:06,0, 0.634, 0.974,0
1, 664,1541, 2.000,07:46:07,0, 0.609, 0.974,0
1, 662,1541, 2.000,07:46:08,1, 0.598, 0.972,0
1, 660,1543, 2.828,07:46:09,0, 0.610, 0.967,0
1, 661,1542, 1.414,07:46:10,0, 0.626, 0.968,0
1, 663,1542, 2.000,07:46:11,0, 0.633, 0.973,0
1, 664,1541, 1.414,07:46:12,0, 0.635, 0.976,0
1, 664,1541, 0.000,07:46:13,0, 0.618, 0.978,0
1, 664,1541, 0.000,07:46:14,0, 0.597, 0.979,0
1, 664,1541, 0.000,07:46:15,0, 0.602, 0.975,0
1, 664,1542, 1.000,07:46:16,0, 0.627, 0.965,0
1, 663,1541, 1.414,07:46:17,0, 0.627, 0.967,0
1, 663,1541, 0.000,07:46:18,0, 0.627, 0.972,0
1, 662,1542, 1.414,07:46:19,1, 0.621, 0.964,0
1, 662,1542, 0.000,07:46:20,0, 0.621, 0.970,0
1, 662,1543, 1.000,07:46:21,0, 0.613, 0.958,0
1, 662,1544, 1.000,07:46:22,0, 0.621, 0.971,0
1, 662,1544, 0.000,07:46:23,0, 0.615, 0.968,0
1, 663,1544, 1.000,07:46:24,0, 0.599, 0.979,0
1, 663,1544, 0.000,07:46:25,0, 0.610, 0.967,0
1, 664,1544, 1.000,07:46:26,0, 0.627, 0.966,0
1, 662,1544, 2.000,07:46:27,0, 0.605, 0.974,0
1, 665,1550, 6.708,07:46:28,0, 0.586, 0.968,0
1, 666,1553, 3.162,07:46:29,0, 0.592, 0.970,0
1, 666,1553, 0.000,07:46:30,0, 0.591, 0.971,0
1, 666,1554, 1.000,07:46:31,0, 0.579, 0.972,0
1, 665,1555, 1.414,07:46:32,0, 0.576, 0.979,0
1, 665,1556, 1.000,07:46:33,0, 0.574, 0.971,0
1, 665,1556, 0.000,07:46:34,0, 0.591, 0.977,0
1, 664,1556, 1.000,07:46:35,0, 0.593, 0.965,0
1, 663,1557, 1.414,07:46:36,0, 0.589, 0.980,0
1, 662,1557, 1.000,07:46:37,0, 0.588, 0.969,0
1, 662,1558, 1.000,07:46:38,0, 0.598, 0.977,0
1, 661,1558, 1.000,07:46:39,0, 0.594, 0.980,0
1, 660,1558, 1.000,07:46:40,0, 0.580, 0.980,0
1, 660,1558, 0.000,07:46:41,0, 0.581, 0.963,0
1, 660,1558, 0.000,07:46:42,0, 0.584, 0.961,0
1, 660,1558, 0.000,07:46:43,0, 0.585, 0.977,0
1, 674,1499,60.638,07:46:44,0, 0.477, 0.979,0
1, 676,1499, 2.000,07:46:45,0, 0.565, 0.980,0
1, 676,1499, 0.000,07:46:46,0, 0.570, 0.977,0
1, 676,1499, 0.000,07:46:47,0, 0.566, 0.982,0
1, 676,1499, 0.000,07:46:48,0, 0.569, 0.981,0
1, 676,1499, 0.000,07:46:49,0, 0.568, 0.978,0
1, 676,1499, 0.000,07:46:50,0, 0.570, 0.975,0
1, 676,1499, 0.000,07:46:51,0, 0.570, 0.976,0
1, 676,1499, 0.000,07:46:52,0, 0.576, 0.977,0
1, 676,1499, 0.000,07:46:53,0, 0.574, 0.975,0
1, 676,1499, 0.000,07:46:54,0, 0.575, 0.974,0
1, 676,1502, 3.000,07:46:55,0, 0.602, 0.975,0
1, 672,1504, 4.472,07:46:56,0, 0.610, 0.976,0
1, 674,1499, 5.385,07:46:57,0, 0.580, 0.972,0
1, 675,1497, 2.236,07:46:58,0, 0.577, 0.974,0
1, 678,1494, 4.243,07:46:59,1, 0.565, 0.957,0
1, 682,1492, 4.472,07:47:00,0, 0.548, 0.976,0
1, 684,1489, 3.606,07:47:01,0, 0.549, 0.971,0
1, 684,1489, 0.000,07:47:02,0, 0.546, 0.973,0
1, 684,1488, 1.000,07:47:03,0, 0.550, 0.974,0
1, 684,1488, 0.000,07:47:04,0, 0.565, 0.974,0
1, 684,1488, 0.000,07:47:05,0, 0.565, 0.973,0
1, 684,1488, 0.000,07:47:06,0, 0.549, 0.982,0
1, 684,1486, 2.000,07:47:07,0, 0.546, 0.976,0
1, 685,1485, 1.414,07:47:08,0, 0.561, 0.977,0
1, 689,1485, 4.000,07:47:09,0, 0.546, 0.977,0
1, 692,1483, 3.606,07:47:10,0, 0.556, 0.979,0
1, 693,1479, 4.123,07:47:11,0, 0.537, 0.979,0
1, 696,1475, 5.000,07:47:12,0, 0.534, 0.978,0
1, 698,1474, 2.236,07:47:13,0, 0.548, 0.977,0
1, 697,1472, 2.236,07:47:14,0, 0.561, 0.978,0
1, 697,1468, 4.000,07:47:15,0, 0.538, 0.974,0
1, 699,1466, 2.828,07:47:16,0, 0.541, 0.978,0
1, 699,1469, 3.000,07:47:17,0, 0.551, 0.977,0
1, 699,1470, 1.000,07:47:18,0, 0.542, 0.978,0
1, 698,1470, 1.000,07:47:19,0, 0.533, 0.977,0
1, 699,1467, 3.162,07:47:20,0, 0.537, 0.976,0
1, 695,1466, 4.123,07:47:21,0, 0.535, 0.979,0
1, 693,1466, 2.000,07:47:22,0, 0.539, 0.979,0
1, 692,1468, 2.236,07:47:23,0, 0.534, 0.980,0
1, 691,1469, 1.414,07:47:24,0, 0.542, 0.971,0
1, 691,1469, 0.000,07:47:25,0, 0.540, 0.977,0
1, 692,1469, 1.000,07:47:26,0, 0.532, 0.979,0
1, 692,1466, 3.000,07:47:27,0, 0.526, 0.973,0
1, 692,1465, 1.000,07:47:28,0, 0.536, 0.976,0
1, 692,1465, 0.000,07:47:29,0, 0.541, 0.976,0
1, 691,1465, 1.000,07:47:30,0, 0.544, 0.977,0
1, 691,1467, 2.000,07:47:31,0, 0.545, 0.959,0
1, 690,1469, 2.236,07:47:32,0, 0.575, 0.975,0
1, 693,1472, 4.243,07:47:33,0, 0.560, 0.971,0
1, 695,1471, 2.236,07:47:34,0, 0.540, 0.974,0
1, 695,1472, 1.000,07:47:35,0, 0.545, 0.978,0
1, 695,1472, 0.000,07:47:36,0, 0.526, 0.980,0
1, 695,1472, 0.000,07:47:37,0, 0.532, 0.976,0
1, 695,1472, 0.000,07:47:38,0, 0.532, 0.978,0
1, 695,1472, 0.000,07:47:39,0, 0.532, 0.977,0
1, 695,1472, 0.000,07:47:40,0, 0.536, 0.978,0
1, 695,1472, 0.000,07:47:41,0, 0.531, 0.978,0
1, 695,1472, 0.000,07:47:42,0, 0.529, 0.979,0
1, 395,1283,-1.000,07:47:43,0, 0.120, 0.968,0
1, 653,1515,-1.000,07:47:44,0, 0.615, 0.976,0
1, 651,1513, 2.828,07:47:45,0, 0.602, 0.962,0
1, 651,1514, 1.000,07:47:46,0, 0.598, 0.979,0
1, 651,1516, 2.000,07:47:47,0, 0.599, 0.972,0
1, 651,1517, 1.000,07:47:48,0, 0.593, 0.975,0
1, 651,1517, 0.000,07:47:49,0, 0.589, 0.976,0
1, 649,1517, 2.000,07:47:50,0, 0.594, 0.980,0
1, 648,1515, 2.236,07:47:51,0, 0.580, 0.976,0
1, 649,1516, 1.414,07:47:52,0, 0.594, 0.979,0
1, 651,1517, 2.236,07:47:53,0, 0.593, 0.974,0
1, 649,1517, 2.000,07:47:54,0, 0.596, 0.973,0
1, 645,1517, 4.000,07:47:55,0, 0.602, 0.979,0
1, 644,1513, 4.123,07:47:56,0, 0.596, 0.975,0
1, 646,1510, 3.606,07:47:57,0, 0.590, 0.971,0
1, 649,1507, 4.243,07:47:58,0, 0.602, 0.977,0
1, 653,1506, 4.123,07:47:59,0, 0.586, 0.963,0
1, 654,1506, 1.000,07:48:00,0, 0.600, 0.972,0
1, 656,1508, 2.828,07:48:01,0, 0.596, 0.947,0
1, 656,1511, 3.000,07:48:02,0, 0.600, 0.963,0
1, 656,1510, 1.000,07:48:03,0, 0.598, 0.975,0
1, 656,1511, 1.000,07:48:04,0, 0.585, 0.974,0
1, 658,1507, 4.472,07:48:05,0, 0.595, 0.972,0
1, 661,1505, 3.606,07:48:06,0, 0.589, 0.974,0
1, 661,1501, 4.000,07:48:07,0, 0.581, 0.979,0
1, 662,1498, 3.162,07:48:08,0, 0.587, 0.975,0
1, 665,1497, 3.162,07:48:09,0, 0.573, 0.977,0
1, 666,1494, 3.162,07:48:10,0, 0.566, 0.977,0
1, 667,1490, 4.123,07:48:11,0, 0.575, 0.973,0
1, 668,1489, 1.414,07:48:12,0, 0.588, 0.974,0
1, 664,1487, 4.472,07:48:13,0, 0.594, 0.972,0
1, 661,1485, 3.606,07:48:14,0, 0.614, 0.970,0
1, 661,1482, 3.000,07:48:15,0, 0.601, 0.978,0
1, 663,1479, 3.606,07:48:16,0, 0.567, 0.978,0
1, 663,1474, 5.000,07:48:17,0, 0.554, 0.979,0
1, 663,1470, 4.000,07:48:18,0, 0.546, 0.980,0
1, 663,1466, 4.000,07:48:19,0, 0.548, 0.978,0
1, 667,1465, 4.123,07:48:20,0, 0.552, 0.976,0
1, 671,1464, 4.123,07:48:21,0, 0.539, 0.967,0
1, 676,1463, 5.099,07:48:22,0, 0.547, 0.974,0
1, 680,1462, 4.123,07:48:23,0, 0.539, 0.973,0
1, 684,1463, 4.123,07:48:24,0, 0.537, 0.964,0
1, 688,1462, 4.123,07:48:25,0, 0.541, 0.961,0
1, 692,1465, 5.000,07:48:26,0, 0.561, 0.969,0
1, 696,1467, 4.472,07:48:27,0, 0.559, 0.974,0
1, 697,1471, 4.123,07:48:28,0, 0.569, 0.977,0
1, 697,1472, 1.000,07:48:29,0, 0.576, 0.979,0
1, 697,1472, 0.000,07:48:30,0, 0.550, 0.975,0
1, 697,1472, 0.000,07:48:31,0, 0.555, 0.976,0
1, 696,1474, 2.236,07:48:32,0, 0.546, 0.976,0
1, 695,1473, 1.414,07:48:33,0, 0.552, 0.974,0
1, 695,1472, 1.000,07:48:34,0, 0.539, 0.977,0
1, 694,1474, 2.236,07:48:35,0, 0.549, 0.979,0
1, 694,1478, 4.000,07:48:36,0, 0.552, 0.976,0
1, 693,1482, 4.123,07:48:37,0, 0.570, 0.979,0
1, 691,1483, 2.236,07:48:38,0, 0.573, 0.974,0
1, 692,1483, 1.000,07:48:39,0, 0.563, 0.964,0
1, 692,1483, 0.000,07:48:40,0, 0.566, 0.975,0
1, 690,1482, 2.236,07:48:41,0, 0.566, 0.966,0
1, 690,1480, 2.000,07:48:42,0, 0.573, 0.965,0
1, 691,1481, 1.414,07:48:43,0, 0.552, 0.968,0
1, 691,1481, 0.000,07:48:44,0, 0.543, 0.970,0
1, 691,1481, 0.000,07:48:45,0, 0.545, 0.979,0
1, 691,1481, 0.000,07:48:46,0, 0.564, 0.970,0
1, 691,1481, 0.000,07:48:47,0, 0.538, 0.971,0
1, 691,1481, 0.000,07:48:48,0, 0.539, 0.971,0
1, 691,1481, 0.000,07:48:49,0, 0.536, 0.971,0
1, 691,1481, 0.000,07:48:50,0, 0.541, 0.973,0
1, 691,1480, 1.000,07:48:51,0, 0.537, 0.968,0
1, 690,1479, 1.414,07:48:52,0, 0.546, 0.971,0
1, 690,1479, 0.000,07:48:53,0, 0.542, 0.980,0
1, 690,1479, 0.000,07:48:54,0, 0.542, 0.980,0
1, 690,1479, 0.000,07:48:55,0, 0.537, 0.978,0
2, 690,1479, 0.000,07:48:56,0, 0.544, 0.988,0
2, 690,1479, 0.000,07:48:57,0, 0.537, 0.984,0
2, 690,1479, 0.000,07:48:58,0, 0.549, 0.983,0
2, 690,1479, 0.000,07:48:59,0, 0.535, 0.987,0
2, 691,1479, 1.000,07:49:00,0, 0.538, 0.981,0
2, 689,1480, 2.236,07:49:01,0, 0.552, 0.985,0
2, 689,1480, 0.000,07:49:02,0, 0.539, 0.985,0
2, 689,1481, 1.000,07:49:03,0, 0.545, 0.986,0
2, 689,1481, 0.000,07:49:04,0, 0.543, 0.988,0
2, 688,1483, 2.236,07:49:05,0, 0.557, 0.987,0
2, 686,1486, 3.606,07:49:06,0, 0.570, 0.986,0
2, 684,1490, 4.472,07:49:07,0, 0.559, 0.977,0
2, 682,1493, 3.606,07:49:08,0, 0.564, 0.986,0
2, 679,1497, 5.000,07:49:09,0, 0.566, 0.984,0
2, 677,1500, 3.606,07:49:10,0, 0.583, 0.983,0
2, 676,1500, 1.000,07:49:11,0, 0.576, 0.985,0
2, 676,1500, 0.000,07:49:12,0, 0.559, 0.988,0
2, 676,1500, 0.000,07:49:13,0, 0.561, 0.988,0
2, 676,1500, 0.000,07:49:14,0, 0.561, 0.987,0
2, 676,1500, 0.000,07:49:15,0, 0.559, 0.987,0
2, 676,1500, 0.000,07:49:16,0, 0.565, 0.985,0
2, 676,1500, 0.000,07:49:17,0, 0.560, 0.987,0
2, 676,1500, 0.000,07:49:18,0, 0.564, 0.985,0
2, 676,1500, 0.000,07:49:19,0, 0.562, 0.986,0
-1, 466,1494,-1.000,07:49:20,0, 0.206, 0.839,0
2, 677,1499,-1.000,07:49:27,0, 0.571, 0.979,0
2, 680,1496, 4.243,07:49:28,0, 0.571, 0.982,0
2, 674,1499, 6.708,07:49:29,0, 0.568, 0.982,0
2, 672,1498, 2.236,07:49:30,0, 0.575, 0.981,0
2, 670,1498, 2.000,07:49:31,0, 0.578, 0.980,0
2, 671,1496, 2.236,07:49:32,0, 0.574, 0.983,0
2, 675,1495, 4.123,07:49:33,0, 0.572, 0.978,0
2, 678,1492, 4.243,07:49:34,0, 0.567, 0.977,0
2, 681,1490, 3.606,07:49:35,0, 0.558, 0.977,0
2, 685,1488, 4.472,07:49:36,0, 0.554, 0.987,0
2, 688,1486, 3.606,07:49:37,0, 0.560, 0.986,0
2, 692,1483, 5.000,07:49:38,0, 0.558, 0.981,0
2, 693,1480, 3.162,07:49:39,0, 0.543, 0.983,0
2, 696,1477, 4.243,07:49:40,0, 0.556, 0.975,0
2, 695,1473, 4.123,07:49:41,0, 0.556, 0.983,0
2, 694,1469, 4.123,07:49:42,0, 0.542, 0.983,0
2, 695,1469, 1.000,07:49:43,0, 0.534, 0.983,0
2, 695,1469, 0.000,07:49:44,0, 0.536, 0.976,0
2, 695,1468, 1.000,07:49:45,0, 0.538, 0.976,0
2, 694,1467, 1.414,07:49:46,0, 0.549, 0.984,0
2, 694,1467, 0.000,07:49:47,0, 0.547, 0.984,0
2, 694,1466, 1.000,07:49:48,0, 0.535, 0.985,0
2, 695,1466, 1.000,07:49:49,0, 0.538, 0.980,0
2, 694,1466, 1.000,07:49:50,0, 0.554, 0.981,0
2, 695,1466, 1.000,07:49:51,0, 0.553, 0.980,0
2, 698,1466, 3.000,07:49:52,0, 0.549, 0.984,0
2, 702,1466, 4.000,07:49:53,0, 0.550, 0.980,0
2, 706,1466, 4.000,07:49:54,0, 0.540, 0.969,0
2, 709,1464, 3.606,07:49:55,0, 0.538, 0.979,0
2, 713,1462, 4.472,07:49:56,0, 0.550, 0.979,0
2, 717,1463, 4.123,07:49:57,0, 0.535, 0.983,0
2, 720,1463, 3.000,07:49:58,0, 0.527, 0.981,0
2, 722,1461, 2.828,07:49:59,0, 0.523, 0.970,0
2, 719,1458, 4.243,07:50:00,0, 0.517, 0.983,0
2, 716,1455, 4.243,07:50:01,0, 0.506, 0.979,0
2, 712,1453, 4.472,07:50:02,0, 0.517, 0.977,0
2, 709,1450, 4.243,07:50:03,0, 0.536, 0.977,0
2, 706,1448, 3.606,07:50:04,0, 0.531, 0.976,0
2, 702,1445, 5.000,07:50:05,0, 0.524, 0.984,0
2, 698,1443, 4.472,07:50:06,0, 0.508, 0.983,0
2, 695,1441, 3.606,07:50:07,0, 0.500, 0.984,0
2, 691,1439, 4.472,07:50:08,0, 0.492, 0.976,0
2, 687,1437, 4.472,07:50:09,0, 0.501, 0.972,0
2, 683,1434, 5.000,07:50:10,0, 0.491, 0.972,0
2, 680,1431, 4.243,07:50:11,0, 0.484, 0.980,0
2, 676,1429, 4.472,07:50:12,0, 0.503, 0.981,0
2, 673,1427, 3.606,07:50:13,0, 0.521, 0.983,0
2, 671,1424, 3.606,07:50:14,0, 0.499, 0.981,0
2, 671,1424, 0.000,07:50:15,0, 0.510, 0.981,0
2, 670,1424, 1.000,07:50:16,0, 0.516, 0.984,0
2, 670,1424, 0.000,07:50:17,0, 0.519, 0.979,0
2, 670,1424, 0.000,07:50:18,0, 0.520, 0.981,0
2, 670,1425, 1.000,07:50:19,0, 0.527, 0.977,0
2, 671,1427, 2.236,07:50:20,0, 0.517, 0.978,0
2, 673,1425, 2.828,07:50:21,0, 0.514, 0.980,0
2, 673,1425, 0.000,07:50:22,0, 0.499, 0.985,0
2, 673,1425, 0.000,07:50:23,0, 0.499, 0.986,0
2, 673,1426, 1.000,07:50:24,0, 0.515, 0.981,0
2, 671,1430, 4.472,07:50:25,0, 0.528, 0.982,0
2, 668,1432, 3.606,07:50:26,0, 0.531, 0.985,0
2, 664,1434, 4.472,07:50:27,0, 0.528, 0.984,0
2, 660,1436, 4.472,07:50:28,0, 0.526, 0.981,0
2, 658,1440, 4.472,07:50:29,0, 0.519, 0.982,0
2, 656,1444, 4.472,07:50:30,0, 0.550, 0.984,0
2, 655,1448, 4.123,07:50:31,0, 0.566, 0.983,0
2, 653,1452, 4.472,07:50:32,0, 0.554, 0.980,0
2, 650,1455, 4.243,07:50:33,0, 0.576, 0.983,0
2, 648,1458, 3.606,07:50:34,0, 0.573, 0.983,0
2, 646,1460, 2.828,07:50:35,0, 0.575, 0.986,0
2, 646,1459, 1.000,07:50:36,0, 0.560, 0.987,0
2, 647,1463, 4.123,07:50:37,0, 0.577, 0.979,0
2, 645,1467, 4.472,07:50:38,0, 0.567, 0.986,0
2, 643,1470, 3.606,07:50:39,0, 0.571, 0.983,0
2, 641,1474, 4.472,07:50:40,0, 0.575, 0.978,0
2, 640,1478, 4.123,07:50:41,0, 0.571, 0.978,0
2, 638,1482, 4.472,07:50:42,0, 0.573, 0.982,0
2, 636,1486, 4.472,07:50:43,0, 0.589, 0.985,0
2, 632,1488, 4.472,07:50:44,0, 0.570, 0.984,0
2, 628,1488, 4.000,07:50:45,0, 0.588, 0.981,0
2, 624,1490, 4.472,07:50:46,0, 0.599, 0.985,0
2, 624,1494, 4.000,07:50:47,0, 0.610, 0.980,0
2, 623,1498, 4.123,07:50:48,0, 0.602, 0.980,0
2, 620,1502, 5.000,07:50:49,0, 0.594, 0.982,0
2, 616,1502, 4.000,07:50:50,0, 0.589, 0.978,0
2, 612,1502, 4.000,07:50:51,0, 0.591, 0.968,0
2, 611,1503, 1.414,07:50:52,0, 0.593, 0.972,0
2, 609,1503, 2.000,07:50:53,0, 0.582, 0.981,0
2, 609,1503, 0.000,07:50:54,0, 0.560, 0.982,0
2, 609,1503, 0.000,07:50:55,0, 0.558, 0.979,0
2, 606,1501, 3.606,07:50:56,0, 0.570, 0.973,0
2, 602,1499, 4.472,07:50:57,0, 0.581, 0.976,0
2, 598,1498, 4.123,07:50:58,0, 0.585, 0.961,0
2, 594,1498, 4.000,07:50:59,0, 0.568, 0.950,0
2, 590,1498, 4.000,07:51:00,0, 0.540, 0.974,0
2, 588,1500, 2.828,07:51:01,0, 0.552, 0.976,0
2, 591,1501, 3.162,07:51:02,0, 0.572, 0.975,0
2, 593,1498, 3.606,07:51:03,0, 0.571, 0.984,0
2, 594,1497, 1.414,07:51:04,0, 0.543, 0.986,0
2, 595,1497, 1.000,07:51:05,0, 0.542, 0.983,0
2, 595,1497, 0.000,07:51:06,0, 0.538, 0.987,0
2, 595,1497, 0.000,07:51:07,0, 0.535, 0.985,0
2, 594,1497, 1.000,07:51:08,0, 0.537, 0.985,0
2, 594,1497, 0.000,07:51:09,0, 0.522, 0.985,0
2, 594,1497, 0.000,07:51:10,0, 0.518, 0.985,0
2, 594,1496, 1.000,07:51:11,0, 0.511, 0.985,0
2, 594,1496, 0.000,07:51:12,0, 0.509, 0.985,0
2, 597,1495, 3.162,07:51:13,0, 0.541, 0.980,0
2, 599,1497, 2.828,07:51:14,0, 0.563, 0.985,0
2, 597,1501, 4.472,07:51:15,0, 0.558, 0.982,0
2, 597,1502, 1.000,07:51:16,0, 0.538, 0.983,0
2, 600,1500, 3.606,07:51:17,0, 0.533, 0.957,0
2, 603,1497, 4.243,07:51:18,0, 0.531, 0.984,0
2, 604,1497, 1.000,07:51:19,0, 0.522, 0.956,0
2, 608,1496, 4.123,07:51:20,0, 0.500, 0.983,0
2, 610,1498, 2.828,07:51:21,0, 0.487, 0.982,0
2, 609,1497, 1.414,07:51:22,0, 0.486, 0.984,0
2, 612,1496, 3.162,07:51:23,0, 0.480, 0.970,0
2, 616,1494, 4.472,07:51:24,1, 0.468, 0.974,0
2, 620,1493, 4.123,07:51:25,0, 0.476, 0.968,0
2, 623,1490, 4.243,07:51:26,0, 0.472, 0.979,0
2, 626,1488, 3.606,07:51:27,0, 0.477, 0.982,0
2, 630,1486, 4.472,07:51:28,0, 0.480, 0.974,0
2, 634,1484, 4.472,07:51:29,0, 0.479, 0.976,0
2, 637,1481, 4.243,07:51:30,0, 0.457, 0.965,0
2, 639,1477, 4.472,07:51:31,0, 0.446, 0.972,0
2, 641,1473, 4.472,07:51:32,0, 0.448, 0.985,0
2, 643,1469, 4.472,07:51:33,0, 0.461, 0.986,0
2, 646,1465, 5.000,07:51:34,0, 0.449, 0.984,0
2, 647,1462, 3.162,07:51:35,0, 0.441, 0.985,0
2, 649,1458, 4.472,07:51:36,0, 0.422, 0.983,0
2, 651,1455, 3.606,07:51:37,0, 0.423, 0.971,0
2, 654,1452, 4.243,07:51:38,0, 0.406, 0.978,0
2, 657,1448, 5.000,07:51:39,0, 0.415, 0.980,0
2, 658,1444, 4.123,07:51:40,0, 0.406, 0.976,0
2, 661,1441, 4.243,07:51:41,0, 0.394, 0.978,0
2, 664,1437, 5.000,07:51:42,0, 0.395, 0.983,0
2, 667,1434, 4.243,07:51:43,0, 0.400, 0.983,0
2, 670,1431, 4.243,07:51:44,0, 0.376, 0.985,0
2, 672,1428, 3.606,07:51:45,0, 0.382, 0.985,0
2, 672,1427, 1.000,07:51:46,0, 0.371, 0.987,0
2, 672,1427, 0.000,07:51:47,0, 0.356, 0.980,0
2, 672,1427, 0.000,07:51:48,0, 0.376, 0.985,0
2, 672,1427, 0.000,07:51:49,0, 0.384, 0.983,0
2, 672,1427, 0.000,07:51:50,0, 0.380, 0.987,0
2, 672,1427, 0.000,07:51:51,0, 0.377, 0.983,0
2, 672,1427, 0.000,07:51:52,0, 0.384, 0.982,0
2, 672,1427, 0.000,07:51:53,0, 0.381, 0.983,0
2, 672,1427, 0.000,07:51:54,0, 0.386, 0.985,0
2, 672,1427, 0.000,07:51:55,0, 0.390, 0.984,0
1, 674,1427, 2.000,07:51:56,0, 0.374, 0.975,0
1, 675,1426, 1.414,07:51:57,0, 0.366, 0.975,0
1, 676,1426, 1.000,07:51:58,0, 0.371, 0.970,0
1, 682,1428, 6.325,07:51:59,0, 0.366, 0.976,0
1, 684,1432, 4.472,07:52:00,0, 0.385, 0.965,0
1, 685,1433, 1.414,07:52:01,0, 0.384, 0.974,0
1, 686,1434, 1.414,07:52:02,0, 0.383, 0.974,0
-1, 650,1394,-1.000,07:52:03,0, 0.114, 0.868,0
1, 686,1434,-1.000,07:52:04,0, 0.373, 0.976,0
1, 686,1435, 1.000,07:52:05,0, 0.368, 0.978,0
1, 688,1437, 2.828,07:52:06,0, 0.389, 0.975,0
1, 689,1439, 2.236,07:52:07,0, 0.376, 0.978,0
1, 690,1441, 2.236,07:52:08,0, 0.380, 0.975,0
1, 696,1443, 6.325,07:52:09,0, 0.358, 0.972,0
1, 706,1439,10.770,07:52:10,0, 0.353, 0.973,0
1, 716,1436,10.440,07:52:11,0, 0.362, 0.978,0
1, 723,1432, 8.062,07:52:12,0, 0.380, 0.966,0
1, 733,1427,11.180,07:52:13,0, 0.366, 0.970,0
1, 746,1420,14.765,07:52:14,0, 0.351, 0.970,0
1, 751,1420,-1.000,07:52:15,0, 0.345, 0.970,0
1, 755,1421,-1.000,07:52:16,0, 0.355, 0.978,0
1, 756,1424, 3.162,07:52:17,0, 0.365, 0.973,0
1, 756,1425,-1.000,07:52:18,0, 0.350, 0.976,0
1, 761,1424,-1.000,07:52:19,0, 0.339, 0.973,0
1, 775,1423,-1.000,07:52:20,0, 0.344, 0.979,0
1, 789,1420,-1.000,07:52:21,0, 0.323, 0.978,0
1, 792,1422,-1.000,07:52:22,0, 0.328, 0.978,0
1, 802,1426,-1.000,07:52:23,0, 0.362, 0.977,0
1, 811,1430, 9.849,07:52:24,0, 0.382, 0.979,0
1, 820,1435,10.296,07:52:25,0, 0.413, 0.978,0
1, 828,1441,10.000,07:52:26,0, 0.427, 0.976,0
1, 835,1445, 8.062,07:52:27,0, 0.448, 0.977,0
1, 840,1447, 5.385,07:52:28,0, 0.453, 0.975,0
1, 847,1450, 7.616,07:52:29,0, 0.458, 0.975,0
1, 849,1459, 9.220,07:52:30,0, 0.461, 0.971,0
1, 847,1468, 9.220,07:52:31,0, 0.474, 0.967,0
1, 848,1465, 3.162,07:52:32,0, 0.452, 0.979,0
1, 848,1459, 6.000,07:52:33,0, 0.446, 0.974,0
1, 850,1457, 2.828,07:52:34,0, 0.460, 0.975,0
1, 851,1454, 3.162,07:52:35,0, 0.470, 0.978,0
1, 851,1453, 1.000,07:52:36,0, 0.467, 0.978,0
1, 851,1453, 0.000,07:52:37,0, 0.476, 0.968,0
1, 852,1455, 2.236,07:52:38,0, 0.451, 0.968,0
1, 855,1457, 3.606,07:52:39,0, 0.466, 0.970,0
1, 859,1457, 4.000,07:52:40,1, 0.472, 0.969,0
1, 863,1457, 4.000,07:52:41,0, 0.460, 0.977,0
-1, 693,1269,-1.000,07:52:43,0, 0.110, 0.880,0
1, 864,1457,-1.000,07:52:44,0, 0.460, 0.971,0
1, 864,1457, 0.000,07:52:45,0, 0.455, 0.960,0
1, 864,1457, 0.000,07:52:46,0, 0.469, 0.972,0
1, 864,1457, 0.000,07:52:47,0, 0.462, 0.978,0
1, 864,1457, 0.000,07:52:48,0, 0.461, 0.979,0
1, 862,1455, 2.828,07:52:50,0, 0.442, 0.972,0
1, 864,1457, 2.828,07:52:51,0, 0.444, 0.972,0
1, 864,1456, 1.000,07:52:52,0, 0.456, 0.978,0
1, 863,1456, 1.000,07:52:53,0, 0.456, 0.978,0
1, 864,1457, 1.414,07:52:54,0, 0.452, 0.979,0
1, 864,1457, 0.000,07:52:55,0, 0.449, 0.975,0
1, 864,1456, 1.000,07:52:56,0, 0.453, 0.979,0
1, 864,1457, 1.000,07:52:57,0, 0.450, 0.975,0
1, 864,1457, 0.000,07:52:59,0, 0.451, 0.975,0
1, 864,1457, 0.000,07:53:00,0, 0.452, 0.979,0
1, 864,1457, 0.000,07:53:01,0, 0.450, 0.979,0
1, 865,1457, 1.000,07:53:02,0, 0.464, 0.976,0
1, 868,1456, 3.162,07:53:03,0, 0.468, 0.975,0
1, 872,1456, 4.000,07:53:04,1, 0.473, 0.975,0
1, 876,1456, 4.000,07:53:05,0, 0.482, 0.952,0
1, 879,1454, 3.606,07:53:06,0, 0.481, 0.956,0
1, 883,1453, 4.123,07:53:07,1, 0.494, 0.963,0
1, 888,1453, 5.000,07:53:08,1, 0.503, 0.968,0
1, 893,1453, 5.000,07:53:09,1, 0.504, 0.958,0
1, 897,1452, 4.123,07:53:10,0, 0.509, 0.958,0
1, 901,1451, 4.123,07:53:11,0, 0.517, 0.958,0
1, 905,1450, 4.123,07:53:12,0, 0.508, 0.966,0
1, 910,1450, 5.000,07:53:13,0, 0.505, 0.969,0
1, 914,1450, 4.000,07:53:14,0, 0.514, 0.965,0
1, 918,1449, 4.123,07:53:15,0, 0.525, 0.961,0
1, 922,1449, 4.000,07:53:16,0, 0.538, 0.966,0
1, 926,1450, 4.123,07:53:17,0, 0.544, 0.962,0
1, 930,1451, 4.123,07:53:18,0, 0.541, 0.964,0
1, 934,1451, 4.000,07:53:19,0, 0.545, 0.960,0
1, 938,1451, 4.000,07:53:20,0, 0.542, 0.954,0
1, 942,1452, 4.123,07:53:21,0, 0.532, 0.971,0
1, 946,1453, 4.123,07:53:22,0, 0.541, 0.977,0
1, 950,1455, 4.472,07:53:23,0, 0.547, 0.952,0
1, 950,1456, 1.000,07:53:24,0, 0.538, 0.971,0
1, 950,1456, 0.000,07:53:25,0, 0.545, 0.947,0
1, 952,1455, 2.236,07:53:26,0, 0.565, 0.965,0
1, 956,1456, 4.123,07:53:27,0, 0.540, 0.961,0
1, 960,1457, 4.123,07:53:28,0, 0.552, 0.974,0
1, 964,1458, 4.123,07:53:29,0, 0.544, 0.974,0
1, 969,1459, 5.099,07:53:30,0, 0.548, 0.973,0
1, 973,1459, 4.000,07:53:31,0, 0.547, 0.974,0
1, 975,1458, 2.236,07:53:32,0, 0.538, 0.971,0
1, 977,1459, 2.236,07:53:33,0, 0.544, 0.971,0
1, 979,1458, 2.236,07:53:34,0, 0.546, 0.969,0
1, 980,1459, 1.414,07:53:35,0, 0.546, 0.969,0
1, 982,1458, 2.236,07:53:36,0, 0.557, 0.974,0
1, 985,1459, 3.162,07:53:37,0, 0.559, 0.972,0
1, 989,1461, 4.472,07:53:38,0, 0.563, 0.966,0
1, 993,1462, 4.123,07:53:39,0, 0.571, 0.969,0
1, 997,1465, 5.000,07:53:40,0, 0.585, 0.975,0
1,1000,1467, 3.606,07:53:41,0, 0.579, 0.975,0
1,1001,1469, 2.236,07:53:42,0, 0.596, 0.957,0
1,1003,1470, 2.236,07:53:43,0, 0.594, 0.971,0
1,1004,1470, 1.000,07:53:44,0, 0.620, 0.974,0
1,1006,1470, 2.000,07:53:45,0, 0.592, 0.958,0
1,1007,1470, 1.000,07:53:46,0, 0.602, 0.952,0
1,1009,1473, 3.606,07:53:47,0, 0.617, 0.966,0
1,1010,1474, 1.414,07:53:48,0, 0.622, 0.970,0
1,1011,1476, 2.236,07:53:49,0, 0.620, 0.974,0
1,1010,1477, 1.414,07:53:50,1, 0.618, 0.967,0
1,1011,1478, 1.414,07:53:51,1, 0.627, 0.957,0
1,1014,1479, 3.162,07:53:52,0, 0.606, 0.969,0
1,1018,1480, 4.123,07:53:53,0, 0.612, 0.972,0
1,1018,1479, 1.000,07:53:54,0, 0.602, 0.974,0
1,1016,1476, 3.606,07:53:55,0, 0.607, 0.974,0
2,1017,1474, 2.236,07:53:56,0, 0.604, 0.976,0
2,1020,1475, 3.162,07:53:57,0, 0.612, 0.970,0
2,1024,1474, 4.123,07:53:58,0, 0.614, 0.979,0
2,1029,1474, 5.000,07:53:59,0, 0.612, 0.980,0
2,1033,1474, 4.000,07:54:00,0, 0.619, 0.984,0
2,1037,1473, 4.123,07:54:01,0, 0.616, 0.981,0
2,1041,1473, 4.000,07:54:02,0, 0.614, 0.982,0
2,1045,1471, 4.472,07:54:03,0, 0.615, 0.981,0
2,1049,1469, 4.472,07:54:04,0, 0.608, 0.980,0
2,1052,1469, 3.000,07:54:05,0, 0.598, 0.980,0
2,1053,1469, 1.000,07:54:06,0, 0.591, 0.981,0
2,1055,1468, 2.236,07:54:07,0, 0.608, 0.964,0
2,1055,1466, 2.000,07:54:08,1, 0.604, 0.979,0
2,1055,1466, 0.000,07:54:09,0, 0.608, 0.978,0
2,1057,1468, 2.828,07:54:10,0, 0.614, 0.983,0
2,1061,1467, 4.123,07:54:11,0, 0.612, 0.982,0
2,1065,1467, 4.000,07:54:12,0, 0.606, 0.984,0
2,1070,1468, 5.099,07:54:13,0, 0.607, 0.979,0
2,1074,1467, 4.123,07:54:14,0, 0.613, 0.987,0
2,1078,1467, 4.000,07:54:15,0, 0.615, 0.982,0
2,1081,1468, 3.162,07:54:16,0, 0.606, 0.978,0
2,1084,1469, 3.162,07:54:17,0, 0.610, 0.983,0
2,1088,1471, 4.472,07:54:18,0, 0.602, 0.983,0
2,1091,1473, 3.606,07:54:19,0, 0.604, 0.977,0
2,1095,1474, 4.123,07:54:20,0, 0.598, 0.978,0
2,1097,1474, 2.000,07:54:21,0, 0.604, 0.983,0
2,1099,1475, 2.236,07:54:22,0, 0.594, 0.986,0
2,1102,1479, 5.000,07:54:23,0, 0.597, 0.986,0
-1,1103,1480, 1.414,07:54:24,0, 0.578, 0.943,0
2,1106,1479, 3.162,07:54:25,0, 0.595, 0.977,0
2,1110,1476, 5.000,07:54:26,0, 0.573, 0.983,0
2,1114,1476, 4.000,07:54:27,0, 0.569, 0.983,0
2,1118,1477, 4.123,07:54:28,0, 0.557, 0.986,0
2,1122,1478, 4.123,07:54:29,0, 0.545, 0.982,0
2,1128,1482, 7.211,07:54:30,0, 0.531, 0.980,0
2,1133,1486, 6.403,07:54:31,0, 0.520, 0.983,0
2,1140,1489, 7.616,07:54:32,0, 0.528, 0.985,0
2,1145,1491, 5.385,07:54:33,0, 0.525, 0.985,0
2,1150,1494, 5.831,07:54:34,0, 0.528, 0.982,0
2,1156,1493, 6.083,07:54:35,0, 0.529, 0.979,0
2,1159,1489, 5.000,07:54:36,0, 0.535, 0.978,0
2,1161,1487, 2.828,07:54:37,0, 0.513, 0.984,0
2,1163,1488, 2.236,07:54:38,0, 0.522, 0.986,0
2,1163,1488, 0.000,07:54:39,0, 0.515, 0.987,0
2,1163,1488, 0.000,07:54:40,0, 0.526, 0.985,0
2,1164,1488, 1.000,07:54:41,0, 0.521, 0.984,0
2,1164,1488, 0.000,07:54:42,0, 0.516, 0.986,0
2,1163,1488, 1.000,07:54:43,0, 0.514, 0.986,0
2,1163,1488, 0.000,07:54:44,0, 0.515, 0.984,0
2,1164,1486, 2.236,07:54:45,0, 0.528, 0.982,0
2,1164,1485, 1.000,07:54:46,0, 0.530, 0.982,0
2,1164,1484, 1.000,07:54:47,0, 0.527, 0.984,0
2,1164,1484, 0.000,07:54:48,0, 0.532, 0.984,0
2,1163,1486, 2.236,07:54:49,0, 0.535, 0.986,0
2,1163,1488, 2.000,07:54:50,0, 0.524, 0.982,0
2,1162,1488, 1.000,07:54:51,0, 0.515, 0.984,0
2,1161,1487, 1.414,07:54:52,0, 0.496, 0.984,0
2,1161,1488, 1.000,07:54:53,0, 0.480, 0.985,0
2,1162,1488, 1.000,07:54:54,0, 0.487, 0.986,0
2,1162,1488, 0.000,07:54:55,0, 0.473, 0.986,0
2,1161,1488, 1.000,07:54:56,0, 0.477, 0.982,0
2,1161,1488, 0.000,07:54:57,0, 0.482, 0.984,0
2,1162,1488, 1.000,07:54:58,0, 0.487, 0.984,0
2,1162,1488, 0.000,07:54:59,0, 0.478, 0.985,0
2,1161,1488, 1.000,07:55:00,0, 0.467, 0.986,0
2,1161,1488, 0.000,07:55:01,0, 0.457, 0.986,0
2,1161,1488, 0.000,07:55:02,0, 0.479, 0.983,0
2,1160,1488, 1.000,07:55:03,0, 0.477, 0.985,0
2,1159,1489, 1.414,07:55:04,0, 0.464, 0.982,0
2,1159,1488, 1.000,07:55:05,0, 0.467, 0.982,0
2,1160,1487, 1.414,07:55:06,0, 0.474, 0.983,0
2,1160,1487, 0.000,07:55:07,0, 0.484, 0.969,0
2,1159,1487, 1.000,07:55:08,0, 0.466, 0.981,0
2,1158,1488, 1.414,07:55:09,0, 0.472, 0.979,0
2,1158,1488, 0.000,07:55:10,0, 0.475, 0.973,0
2,1159,1487, 1.414,07:55:11,0, 0.473, 0.986,0
2,1161,1487, 2.000,07:55:12,0, 0.460, 0.983,0
2,1161,1488, 1.000,07:55:13,0, 0.461, 0.983,0
2,1162,1488, 1.000,07:55:14,0, 0.449, 0.986,0
2,1162,1488, 0.000,07:55:15,0, 0.441, 0.986,0
2,1161,1488, 1.000,07:55:16,0, 0.443, 0.985,0
2,1161,1488, 0.000,07:55:17,0, 0.435, 0.985,0
2,1162,1488, 1.000,07:55:18,0, 0.436, 0.983,0
2,1161,1487, 1.414,07:55:19,0, 0.438, 0.987,0
2,1161,1488, 1.000,07:55:20,0, 0.435, 0.985,0
2,1161,1488, 0.000,07:55:21,0, 0.421, 0.976,0
2,1161,1488, 0.000,07:55:22,0, 0.421, 0.987,0
2,1161,1488, 0.000,07:55:23,0, 0.424, 0.988,0
2,1161,1488, 0.000,07:55:24,0, 0.425, 0.987,0
2,1161,1488, 0.000,07:55:25,0, 0.418, 0.986,0
2,1161,1488, 0.000,07:55:26,0, 0.406, 0.988,0
2,1161,1488, 0.000,07:55:27,0, 0.397, 0.986,0
2,1161,1488, 0.000,07:55:28,0, 0.392, 0.986,0
2,1161,1488, 0.000,07:55:29,0, 0.380, 0.987,0
2,1161,1488, 0.000,07:55:30,0, 0.373, 0.983,0
2,1161,1488, 0.000,07:55:31,0, 0.381, 0.985,0
2,1161,1488, 0.000,07:55:32,0, 0.383, 0.987,0
2,1162,1486, 2.236,07:55:33,0, 0.399, 0.985,0
2,1164,1490, 4.472,07:55:34,0, 0.385, 0.983,0
2,1167,1492, 3.606,07:55:35,0, 0.391, 0.986,0
2,1170,1494, 3.606,07:55:36,0, 0.396, 0.984,0
2,1173,1495, 3.162,07:55:37,0, 0.385, 0.976,0
2,1179,1494, 6.083,07:55:38,0, 0.406, 0.982,0
2,1185,1492, 6.325,07:55:39,0, 0.398, 0.979,0
2,1192,1491, 7.071,07:55:40,0, 0.384, 0.982,0
2,1198,1488, 6.708,07:55:41,0, 0.378, 0.978,0
2,1205,1486, 7.280,07:55:42,0, 0.388, 0.975,0
2,1212,1484, 7.280,07:55:43,0, 0.418, 0.978,0
2,1218,1484, 6.000,07:55:44,0, 0.426, 0.981,0
2,1225,1486, 7.280,07:55:45,0, 0.414, 0.982,0
2,1229,1486, 4.000,07:55:46,0, 0.404, 0.958,0
2,1229,1486, 0.000,07:55:47,0, 0.397, 0.956,0
2,1228,1489, 3.162,07:55:48,0, 0.394, 0.986,0
2,1228,1490, 1.000,07:55:49,0, 0.384, 0.985,0
1,1229,1492, 2.236,07:55:50,0, 0.370, 0.952,0
2,1229,1492, 0.000,07:55:51,0, 0.355, 0.983,0
2,1229,1493, 1.000,07:55:52,0, 0.375, 0.983,0
2,1228,1493, 1.000,07:55:53,0, 0.363, 0.985,0
2,1228,1493, 0.000,07:55:54,0, 0.363, 0.976,0
2,1228,1492, 1.000,07:55:55,0, 0.392, 0.984,0
1,1227,1491, 1.414,07:55:56,0, 0.422, 0.976,0
1,1227,1490, 1.000,07:55:57,0, 0.427, 0.973,0
1,1227,1490, 0.000,07:55:58,0, 0.406, 0.971,0
1,1227,1490, 0.000,07:55:59,0, 0.414, 0.972,0
1,1227,1490, 0.000,07:56:00,0, 0.425, 0.968,0
1,1227,1490, 0.000,07:56:01,0, 0.409, 0.971,0
1,1227,1490, 0.000,07:56:02,0, 0.415, 0.973,0
1,1241,1488,14.142,07:56:03,0, 0.417, 0.966,0
1,1242,1488, 1.000,07:56:04,0, 0.415, 0.979,0
1,1242,1488, 0.000,07:56:05,0, 0.412, 0.973,0
1,1243,1488, 1.000,07:56:06,0, 0.395, 0.978,0
1,1244,1489, 1.414,07:56:07,0, 0.400, 0.976,0
1,1244,1489, 0.000,07:56:08,0, 0.406, 0.975,0
1,1245,1490, 1.414,07:56:09,0, 0.408, 0.977,0
1,1245,1490, 0.000,07:56:10,0, 0.402, 0.957,0
1,1245,1490, 0.000,07:56:11,0, 0.401, 0.978,0
1,1245,1490, 0.000,07:56:12,0, 0.413, 0.978,0
1,1245,1490, 0.000,07:56:13,0, 0.412, 0.980,0
1,1245,1490, 0.000,07:56:14,0, 0.421, 0.977,0
1,1244,1489, 1.414,07:56:15,0, 0.427, 0.968,0
1,1244,1489, 0.000,07:56:16,0, 0.425, 0.975,0
1,1244,1488, 1.000,07:56:17,0, 0.411, 0.972,0
1,1244,1487, 1.000,07:56:18,0, 0.413, 0.979,0
1,1245,1486, 1.414,07:56:19,0, 0.404, 0.970,0
1,1244,1485, 1.414,07:56:20,0, 0.410, 0.972,0
1,1244,1485, 0.000,07:56:21,0, 0.396, 0.974,0
1,1245,1484, 1.414,07:56:22,0, 0.402, 0.976,0
1,1245,1483, 1.000,07:56:23,0, 0.405, 0.965,0
1,1245,1483, 0.000,07:56:24,0, 0.396, 0.976,0
1,1246,1481, 2.236,07:56:25,0, 0.397, 0.980,0
1,1246,1480, 1.000,07:56:26,0, 0.395, 0.977,0
1,1246,1479, 1.000,07:56:27,0, 0.396, 0.976,0
1,1245,1479, 1.000,07:56:28,0, 0.389, 0.980,0
1,1246,1479, 1.000,07:56:29,0, 0.384, 0.981,0
1,1245,1480, 1.414,07:56:30,0, 0.393, 0.981,0
1,1245,1480, 0.000,07:56:31,0, 0.388, 0.977,0
1,1245,1480, 0.000,07:56:32,0, 0.391, 0.978,0
-1,1080,1180,-1.000,07:56:33,0, 0.113, 0.891,0
1,1245,1480,-1.000,07:56:34,0, 0.396, 0.970,0
1,1245,1480, 0.000,07:56:35,0, 0.396, 0.976,0
1,1245,1479, 1.000,07:56:36,0, 0.385, 0.981,0
1,1245,1479, 0.000,07:56:37,0, 0.386, 0.976,0
1,1245,1479, 0.000,07:56:38,0, 0.390, 0.978,0
1,1246,1479, 1.000,07:56:39,0, 0.391, 0.979,0
1,1246,1480, 1.000,07:56:40,0, 0.396, 0.977,0
1,1245,1480, 1.000,07:56:41,0, 0.387, 0.975,0
1,1243,1482, 2.828,07:56:42,0, 0.389, 0.971,0
1,1243,1482, 0.000,07:56:43,0, 0.393, 0.970,0
1,1244,1482, 1.000,07:56:44,0, 0.401, 0.974,0
1,1245,1482, 1.000,07:56:45,0, 0.399, 0.969,0
1,1244,1485, 3.162,07:56:46,0, 0.398, 0.971,0
1,1245,1486, 1.414,07:56:47,0, 0.402, 0.979,0
1,1246,1486, 1.000,07:56:48,0, 0.407, 0.977,0
1,1245,1486, 1.000,07:56:49,0, 0.412, 0.978,0
1,1244,1486, 1.000,07:56:50,0, 0.403, 0.972,0
1,1243,1486, 1.000,07:56:51,0, 0.401, 0.977,0
1,1241,1483, 3.606,07:56:52,0, 0.382, 0.972,0
1,1238,1481, 3.606,07:56:53,0, 0.393, 0.975,0
1,1237,1479, 2.236,07:56:54,0, 0.383, 0.973,0
1,1239,1477, 2.828,07:56:55,0, 0.393, 0.978,0
1,1243,1475, 4.472,07:56:56,0, 0.408, 0.973,0
1,1246,1474, 3.162,07:56:57,0, 0.418, 0.978,0
1,1247,1473, 1.414,07:56:58,0, 0.409, 0.978,0
1,1247,1474, 1.000,07:56:59,0, 0.411, 0.976,0
1,1247,1476, 2.000,07:57:00,0, 0.415, 0.970,0
1,1245,1479, 3.606,07:57:01,0, 0.414, 0.967,0
1,1244,1481, 2.236,07:57:02,0, 0.388, 0.972,0
1,1244,1481, 0.000,07:57:03,0, 0.392, 0.974,0
1,1245,1480, 1.414,07:57:04,0, 0.418, 0.973,0
1,1245,1480, 0.000,07:57:05,0, 0.402, 0.978,0
1,1245,1480, 0.000,07:57:06,0, 0.407, 0.976,0
1,1245,1480, 0.000,07:57:07,0, 0.412, 0.978,0
1,1246,1479, 1.414,07:57:08,0, 0.392, 0.980,0
1,1246,1479, 0.000,07:57:09,0, 0.397, 0.979,0
1,1244,1480, 2.236,07:57:10,0, 0.412, 0.970,0
1,1244,1480, 0.000,07:57:11,0, 0.408, 0.973,0
1,1245,1481, 1.414,07:57:12,0, 0.407, 0.972,0
1,1245,1482, 1.000,07:57:13,0, 0.399, 0.976,0
1,1245,1479, 3.000,07:57:14,0, 0.393, 0.977,0
1,1244,1479, 1.000,07:57:15,0, 0.406, 0.966,0
1,1244,1480, 1.000,07:57:16,0, 0.406, 0.976,0
1,1243,1483, 3.162,07:57:17,0, 0.396, 0.967,0
1,1242,1487, 4.123,07:57:18,0, 0.416, 0.974,0
1,1240,1489, 2.828,07:57:19,0, 0.410, 0.972,0
1,1241,1491, 2.236,07:57:20,0, 0.429, 0.975,0
1,1240,1491, 1.000,07:57:21,0, 0.423, 0.976,0
1,1241,1489, 2.236,07:57:22,0, 0.422, 0.971,0
1,1242,1490, 1.414,07:57:23,0, 0.410, 0.967,0
1,1242,1491, 1.000,07:57:24,0, 0.405, 0.972,0
1,1247,1492, 5.099,07:57:25,0, 0.387, 0.958,0
2,1248,1493, 1.414,07:57:26,0, 0.388, 0.964,0
2,1249,1495, 2.236,07:57:27,0, 0.416, 0.982,0
2,1251,1495, 2.000,07:57:28,0, 0.421, 0.966,0
2,1249,1495, 2.000,07:57:29,0, 0.435, 0.959,0
2,1254,1492, 5.831,07:57:30,0, 0.441, 0.962,0
2,1254,1493, 1.000,07:57:31,0, 0.445, 0.977,0
2,1256,1493, 2.000,07:57:32,0, 0.416, 0.981,0
2,1257,1492, 1.414,07:57:33,0, 0.412, 0.978,0
2,1259,1493, 2.236,07:57:34,0, 0.399, 0.959,0
2,1258,1497, 4.123,07:57:35,0, 0.415, 0.982,0
2,1264,1493, 7.211,07:57:36,0, 0.427, 0.984,0
2,1263,1495, 2.236,07:57:37,0, 0.463, 0.985,0
2,1265,1495, 2.000,07:57:38,0, 0.438, 0.974,0
2,1264,1495, 1.000,07:57:39,0, 0.441, 0.970,0
2,1263,1495, 1.000,07:57:40,0, 0.428, 0.969,0
2,1264,1495, 1.000,07:57:41,0, 0.422, 0.973,0
2,1264,1495, 0.000,07:57:42,0, 0.419, 0.952,0
2,1265,1495, 1.000,07:57:43,0, 0.420, 0.977,0
2,1265,1495, 0.000,07:57:44,0, 0.424, 0.977,0
2,1266,1495, 1.000,07:57:45,0, 0.418, 0.980,0
2,1267,1495, 1.000,07:57:46,0, 0.410, 0.979,0
2,1267,1495, 0.000,07:57:47,0, 0.430, 0.982,0
2,1268,1495, 1.000,07:57:48,0, 0.433, 0.986,0
2,1269,1495, 1.000,07:57:49,0, 0.433, 0.984,0
2,1270,1495, 1.000,07:57:50,0, 0.434, 0.987,0
2,1271,1495, 1.000,07:57:51,0, 0.436, 0.987,0
2,1272,1496, 1.414,07:57:52,0, 0.447, 0.986,0
2,1272,1496, 0.000,07:57:53,0, 0.445, 0.988,0
2,1273,1496, 1.000,07:57:54,0, 0.445, 0.988,0
2,1274,1496, 1.000,07:57:55,0, 0.439, 0.986,0
2,1275,1496, 1.000,07:57:56,0, 0.427, 0.986,0
2,1275,1497, 1.000,07:57:57,0, 0.427, 0.986,0
2,1276,1497, 1.000,07:57:58,0, 0.416, 0.976,0
2,1277,1497, 1.000,07:57:59,0, 0.406, 0.974,0
2,1278,1497, 1.000,07:58:00,0, 0.406, 0.974,0
2,1278,1497, 0.000,07:58:01,0, 0.389, 0.972,0
2,1279,1497, 1.000,07:58:02,0, 0.398, 0.972,0
2,1280,1497, 1.000,07:58:03,0, 0.404, 0.975,0
2,1281,1497, 1.000,07:58:04,0, 0.408, 0.975,0
2,1282,1498, 1.414,07:58:05,0, 0.398, 0.976,0
2,1282,1498, 0.000,07:58:06,0, 0.386, 0.977,0
2,1283,1498, 1.000,07:58:07,0, 0.383, 0.977,0
2,1284,1498, 1.000,07:58:08,0, 0.376, 0.977,0
2,1142,1307,-1.000,07:58:09,0, 0.122, 0.985,0
2,1403,1571,-1.000,07:58:10,0, 0.383, 0.980,0
2,1396,1565,-1.000,07:58:11,0, 0.346, 0.984,0
2,1395,1556,-1.000,07:58:12,0, 0.327, 0.984,0
2,1398,1542,-1.000,07:58:13,0, 0.353, 0.983,0
2,1402,1536, 7.211,07:58:14,0, 0.377, 0.985,0
2,1404,1532, 4.472,07:58:15,0, 0.370, 0.981,0
2,1406,1529, 3.606,07:58:16,0, 0.379, 0.984,0
2,1408,1527, 2.828,07:58:17,0, 0.357, 0.983,0
2,1411,1527, 3.000,07:58:18,0, 0.358, 0.984,0
2,1413,1527, 2.000,07:58:19,0, 0.375, 0.984,0
2,1415,1529, 2.828,07:58:20,0, 0.366, 0.986,0
2,1419,1530, 4.123,07:58:21,0, 0.362, 0.979,0
2,1422,1531, 3.162,07:58:22,0, 0.351, 0.987,0
2,1424,1532,-1.000,07:58:23,0, 0.344, 0.983,0
2,1426,1532,-1.000,07:58:24,0, 0.354, 0.987,0
2,1428,1532, 2.000,07:58:25,0, 0.351, 0.985,0
2,1431,1532, 3.000,07:58:26,0, 0.359, 0.986,0
2,1442,1535,11.402,07:58:27,0, 0.365, 0.977,0
2,1455,1539,13.601,07:58:28,0, 0.373, 0.986,0
2,1466,1543,11.705,07:58:29,0, 0.392, 0.957,0
2,1468,1547, 4.472,07:58:30,0, 0.397, 0.960,0
2,1468,1551, 4.000,07:58:31,0, 0.400, 0.984,0
2,1469,1557, 6.083,07:58:32,0, 0.372, 0.987,0
2,1472,1560, 4.243,07:58:33,0, 0.367, 0.986,0
2,1480,1565, 9.434,07:58:34,0, 0.387, 0.973,0
2,1491,1572,13.038,07:58:35,0, 0.389, 0.985,0
2,1499,1579,10.630,07:58:36,0, 0.419, 0.986,0
2,1503,1584, 6.403,07:58:37,0, 0.418, 0.986,0
2,1505,1587, 3.606,07:58:38,0, 0.412, 0.986,0
2,1510,1588, 5.099,07:58:39,0, 0.433, 0.986,0
2,1511,1589, 1.414,07:58:40,0, 0.434, 0.988,0
2,1512,1589, 1.000,07:58:41,0, 0.436, 0.988,0
2,1511,1589, 1.000,07:58:42,0, 0.428, 0.987,0
2,1511,1589, 0.000,07:58:43,0, 0.425, 0.986,0
2,1511,1589, 0.000,07:58:44,0, 0.432, 0.985,0
2,1512,1588, 1.414,07:58:45,0, 0.429, 0.988,0
2,1513,1589, 1.414,07:58:46,0, 0.414, 0.957,0
2,1513,1589, 0.000,07:58:47,0, 0.431, 0.975,0
2,1517,1588, 4.123,07:58:48,0, 0.421, 0.986,0
2,1521,1586, 4.472,07:58:49,0, 0.426, 0.987,0
2,1523,1582, 4.472,07:58:50,0, 0.432, 0.988,0
2,1526,1579, 4.243,07:58:51,0, 0.446, 0.987,0
2,1528,1577, 2.828,07:58:52,0, 0.446, 0.988,0
2,1532,1576, 4.123,07:58:53,0, 0.445, 0.988,0
2,1537,1575, 5.099,07:58:54,0, 0.473, 0.988,0
2,1542,1576, 5.099,07:58:55,0, 0.477, 0.980,0
1,1545,1577, 3.162,07:58:56,0, 0.451, 0.978,0
1,1549,1577, 4.000,07:58:57,0, 0.464, 0.979,0
1,1553,1577, 4.000,07:58:58,0, 0.463, 0.979,0
1,1552,1577, 1.000,07:58:59,0, 0.457, 0.955,0
1,1552,1577, 0.000,07:59:00,0, 0.463, 0.963,0
1,1553,1577, 1.000,07:59:01,0, 0.458, 0.956,0
1,1553,1577, 0.000,07:59:02,0, 0.454, 0.957,0
1,1553,1577, 0.000,07:59:03,0, 0.460, 0.974,0
1,1553,1577, 0.000,07:59:04,0, 0.465, 0.981,0
1,1553,1577, 0.000,07:59:05,0, 0.453, 0.955,0
1,1552,1576, 1.414,07:59:06,0, 0.461, 0.975,0
1,1552,1576, 0.000,07:59:07,0, 0.457, 0.974,0
1,1553,1576, 1.000,07:59:08,0, 0.464, 0.977,0
1,1553,1576, 0.000,07:59:09,0, 0.469, 0.974,0
1,1553,1576, 0.000,07:59:10,0, 0.453, 0.974,0
1,1553,1576, 0.000,07:59:11,0, 0.457, 0.980,0
1,1553,1576, 0.000,07:59:12,0, 0.461, 0.980,0
1,1553,1576, 0.000,07:59:13,1, 0.458, 0.961,0
1,1553,1578, 2.000,07:59:14,0, 0.465, 0.967,0
1,1554,1579, 1.414,07:59:15,0, 0.452, 0.974,0
1,1554,1580, 1.000,07:59:16,0, 0.464, 0.975,0
1,1553,1580, 1.000,07:59:17,0, 0.465, 0.976,0
1,1552,1578, 2.236,07:59:18,0, 0.461, 0.976,0
1,1553,1577, 1.414,07:59:19,0, 0.455, 0.974,0
1,1555,1576, 2.236,07:59:20,0, 0.464, 0.975,0
1,1559,1577, 4.123,07:59:21,0, 0.453, 0.978,0
1,1563,1576, 4.123,07:59:22,0, 0.456, 0.979,0
1,1563,1573, 3.000,07:59:23,0, 0.454, 0.981,0
1,1563,1570, 3.000,07:59:24,0, 0.451, 0.980,0
1,1563,1570, 0.000,07:59:25,0, 0.456, 0.975,0
1,1563,1570, 0.000,07:59:26,0, 0.448, 0.981,0
1,1563,1572, 2.000,07:59:27,0, 0.445, 0.977,0
1,1565,1573, 2.236,07:59:28,0, 0.452, 0.975,0
1,1569,1573, 4.000,07:59:29,0, 0.441, 0.973,0
1,1571,1572, 2.236,07:59:30,0, 0.438, 0.978,0
1,1571,1572, 0.000,07:59:31,0, 0.439, 0.981,0
1,1571,1572, 0.000,07:59:32,0, 0.453, 0.982,0
1,1571,1572, 0.000,07:59:33,0, 0.457, 0.980,0
1,1572,1572, 1.000,07:59:34,0, 0.446, 0.979,0
1,1575,1572, 3.000,07:59:35,0, 0.463, 0.977,0
1,1579,1572, 4.000,07:59:36,0, 0.468, 0.978,0
1,1583,1572, 4.000,07:59:37,0, 0.476, 0.975,0
1,1587,1571, 4.123,07:59:38,0, 0.469, 0.975,0
1,1590,1570, 3.162,07:59:39,0, 0.467, 0.977,0
1,1593,1570, 3.000,07:59:40,0, 0.455, 0.977,0
1,1594,1570, 1.000,07:59:41,0, 0.453, 0.980,0
1,1593,1570, 1.000,07:59:42,0, 0.454, 0.982,0
1,1594,1569, 1.414,07:59:43,0, 0.450, 0.982,0
1,1597,1568, 3.162,07:59:44,0, 0.445, 0.978,0
1,1601,1567, 4.123,07:59:45,0, 0.443, 0.976,0
1,1605,1566, 4.123,07:59:46,0, 0.454, 0.979,0
1,1610,1567, 5.099,07:59:47,0, 0.452, 0.975,0
1,1612,1570, 3.606,07:59:48,0, 0.452, 0.973,0
1,1613,1573, 3.162,07:59:49,0, 0.446, 0.968,0
1,1613,1574, 1.000,07:59:50,0, 0.454, 0.974,0
1,1616,1577, 4.243,07:59:51,0, 0.438, 0.974,0
1,1620,1577, 4.000,07:59:52,0, 0.461, 0.977,0
1,1624,1577, 4.000,07:59:53,0, 0.456, 0.977,0
1,1628,1576, 4.123,07:59:54,0, 0.460, 0.969,0
1,1633,1575, 5.099,07:59:55,0, 0.468, 0.974,0
1,1635,1576, 2.236,07:59:56,0, 0.459, 0.961,0
1,1634,1576, 1.000,07:59:57,0, 0.460, 0.973,0
1,1633,1576, 1.000,07:59:58,0, 0.465, 0.973,0
1,1633,1576, 0.000,07:59:59,0, 0.463, 0.969,0
1,1633,1576, 0.000,08:00:00,0, 0.455, 0.976,0
1,1633,1576, 0.000,08:00:01,0, 0.449, 0.969,0
1,1633,1576, 0.000,08:00:02,0, 0.467, 0.979,0
1,1633,1576, 0.000,08:00:03,0, 0.467, 0.975,0
1,1637,1575, 4.123,08:00:04,0, 0.454, 0.969,0
1,1640,1575, 3.000,08:00:05,1, 0.469, 0.956,0
1,1639,1575, 1.000,08:00:06,0, 0.473, 0.958,0
1,1638,1574, 1.414,08:00:07,0, 0.476, 0.969,0
1,1637,1573, 1.414,08:00:08,0, 0.474, 0.975,0
1,1640,1574, 3.162,08:00:09,0, 0.477, 0.960,0
1,1643,1577, 4.243,08:00:10,0, 0.489, 0.969,0
1,1645,1581, 4.472,08:00:11,0, 0.508, 0.976,0
-1,1543,1551,-1.000,08:00:12,0, 0.169, 0.929,0
-1,1505,1547,-1.000,08:00:13,0, 0.166, 0.933,0
1,1645,1587,-1.000,08:00:14,0, 0.497, 0.962,0
1,1648,1585, 3.606,08:00:15,0, 0.517, 0.969,0
2,1646,1586, 2.236,08:00:16,0, 0.509, 0.971,0
2,1645,1588, 2.236,08:00:17,0, 0.496, 0.966,0
2,1649,1586, 4.472,08:00:18,0, 0.504, 0.953,0
2,1649,1587, 1.000,08:00:19,0, 0.497, 0.953,0
2,1643,1585, 6.325,08:00:20,0, 0.484, 0.984,0
2,1642,1585, 1.000,08:00:21,0, 0.487, 0.977,0
2,1642,1585, 0.000,08:00:22,0, 0.475, 0.985,0
2,1642,1585, 0.000,08:00:23,0, 0.466, 0.985,0
2,1641,1585, 1.000,08:00:24,0, 0.468, 0.987,0
2,1642,1585, 1.000,08:00:25,0, 0.475, 0.981,0
2,1643,1585, 1.000,08:00:26,0, 0.468, 0.960,0
2,1643,1586, 1.000,08:00:27,0, 0.478, 0.975,0
2,1644,1585, 1.414,08:00:28,0, 0.461, 0.968,0
2,1644,1585, 0.000,08:00:29,0, 0.470, 0.968,0
2,1644,1585, 0.000,08:00:30,0, 0.471, 0.965,0
2,1644,1585, 0.000,08:00:31,0, 0.469, 0.971,0
2,1644,1585, 0.000,08:00:32,0, 0.470, 0.971,0
2,1644,1585, 0.000,08:00:33,0, 0.460, 0.981,0
2,1645,1586, 1.414,08:00:34,0, 0.458, 0.959,0
2,1644,1588, 2.236,08:00:35,0, 0.456, 0.981,0
2,1643,1589, 1.414,08:00:36,0, 0.454, 0.984,0
2,1643,1589, 0.000,08:00:37,0, 0.455, 0.987,0
2,1643,1589, 0.000,08:00:38,0, 0.456, 0.987,0
2,1643,1589, 0.000,08:00:39,0, 0.454, 0.988,0
2,1643,1589, 0.000,08:00:40,0, 0.452, 0.979,0
2,1644,1589, 1.000,08:00:41,0, 0.460, 0.972,0
2,1643,1590, 1.414,08:00:42,0, 0.481, 0.957,0
2,1644,1590, 1.000,08:00:43,0, 0.479, 0.962,0
2,1647,1593, 4.243,08:00:44,0, 0.470, 0.959,0
2,1650,1595, 3.606,08:00:45,0, 0.458, 0.954,0
2,1650,1597, 2.000,08:00:46,0, 0.445, 0.978,0
2,1650,1598, 1.000,08:00:47,0, 0.429, 0.984,0
2,1649,1598, 1.000,08:00:48,0, 0.440, 0.978,0
2,1649,1598, 0.000,08:00:49,0, 0.432, 0.969,0
2,1649,1598, 0.000,08:00:50,0, 0.442, 0.950,0
2,1652,1600, 3.606,08:00:51,0, 0.413, 0.966,0
2,1657,1599, 5.099,08:00:52,0, 0.415, 0.951,0
2,1661,1597, 4.472,08:00:53,0, 0.412, 0.974,0
2,1663,1594, 3.606,08:00:54,0, 0.407, 0.983,0
2,1667,1591, 5.000,08:00:55,0, 0.410, 0.985,0
2,1670,1589, 3.606,08:00:56,0, 0.434, 0.981,0
2,1673,1590, 3.162,08:00:57,0, 0.445, 0.986,0
2,1674,1587, 3.162,08:00:58,0, 0.452, 0.978,0
2,1673,1587, 1.000,08:00:59,0, 0.446, 0.981,0
2,1674,1587, 1.000,08:01:00,0, 0.432, 0.983,0
2,1674,1587, 0.000,08:01:01,0, 0.427, 0.987,0
2,1674,1587, 0.000,08:01:02,0, 0.434, 0.986,0
2,1674,1587, 0.000,08:01:03,0, 0.435, 0.987,0
2,1674,1587, 0.000,08:01:04,0, 0.431, 0.987,0
2,1674,1587, 0.000,08:01:05,0, 0.431, 0.988,0
2,1674,1587, 0.000,08:01:06,0, 0.433, 0.987,0
2,1674,1587, 0.000,08:01:07,0, 0.431, 0.986,0
2,1674,1587, 0.000,08:01:08,0, 0.431, 0.983,0
2,1674,1587, 0.000,08:01:09,0, 0.431, 0.981,0
2,1674,1586, 1.000,08:01:10,0, 0.438, 0.981,0
2,1674,1586, 0.000,08:01:11,0, 0.434, 0.982,0
2,1674,1586, 0.000,08:01:12,0, 0.445, 0.982,0
2,1675,1587, 1.414,08:01:13,0, 0.445, 0.985,0
2,1677,1588, 2.236,08:01:14,0, 0.453, 0.971,0
2,1674,1585, 4.243,08:01:15,0, 0.432, 0.983,0
2,1674,1583, 2.000,08:01:16,0, 0.426, 0.976,0
2,1674,1583, 0.000,08:01:17,0, 0.453, 0.986,0
2,1674,1583, 0.000,08:01:18,0, 0.445, 0.983,0
2,1674,1583, 0.000,08:01:19,0, 0.458, 0.978,0
2,1674,1582, 1.000,08:01:20,0, 0.446, 0.980,0
2,1674,1583, 1.000,08:01:21,0, 0.466, 0.973,0
2,1674,1583, 0.000,08:01:22,0, 0.461, 0.974,0
2,1674,1583, 0.000,08:01:23,0, 0.484, 0.973,0
2,1674,1583, 0.000,08:01:24,0, 0.467, 0.969,0
2,1674,1583, 0.000,08:01:25,0, 0.477, 0.974,0
1,1674,1582, 1.000,08:01:26,0, 0.456, 0.979,0
1,1674,1581, 1.000,08:01:27,0, 0.464, 0.973,0
1,1674,1581, 0.000,08:01:28,0, 0.453, 0.962,0
1,1675,1583, 2.236,08:01:29,0, 0.466, 0.959,0
1,1677,1581, 2.828,08:01:30,0, 0.472, 0.975,0
1,1677,1580, 1.000,08:01:31,0, 0.485, 0.973,0
1,1682,1579, 5.099,08:01:32,0, 0.476, 0.979,0
1,1685,1577, 3.606,08:01:33,0, 0.469, 0.979,0
1,1688,1574, 4.243,08:01:34,0, 0.477, 0.978,0
1,1692,1571, 5.000,08:01:35,0, 0.480, 0.977,0
1,1695,1569, 3.606,08:01:36,0, 0.478, 0.981,0
1,1697,1565, 4.472,08:01:37,0, 0.473, 0.977,0
1,1695,1562, 3.606,08:01:38,0, 0.480, 0.965,0
1,1692,1560, 3.606,08:01:39,0, 0.485, 0.964,0
1,1690,1558, 2.828,08:01:40,0, 0.469, 0.975,0
1,1688,1556, 2.828,08:01:41,0, 0.470, 0.976,0
1,1688,1555, 1.000,08:01:42,0, 0.474, 0.980,0
1,1688,1555, 0.000,08:01:43,0, 0.462, 0.977,0
1,1688,1554, 1.000,08:01:44,0, 0.473, 0.979,0
1,1688,1550, 4.000,08:01:45,0, 0.482, 0.973,0
1,1688,1545, 5.000,08:01:46,0, 0.475, 0.976,0
1,1686,1542, 3.606,08:01:47,0, 0.471, 0.973,0
1,1686,1540, 2.000,08:01:48,0, 0.481, 0.969,0
1,1687,1542, 2.236,08:01:49,0, 0.493, 0.973,0
1,1687,1543, 1.000,08:01:50,0, 0.455, 0.975,0
1,1687,1542, 1.000,08:01:51,0, 0.462, 0.975,0
1,1687,1542, 0.000,08:01:52,0, 0.476, 0.978,0
1,1688,1541, 1.414,08:01:53,0, 0.470, 0.979,0
1,1689,1539, 2.236,08:01:54,0, 0.487, 0.970,0
1,1689,1540, 1.000,08:01:55,0, 0.486, 0.965,0
1,1688,1537, 3.162,08:01:56,0, 0.480, 0.978,0
1,1688,1537, 0.000,08:01:57,0, 0.476, 0.975,0
1,1689,1540, 3.162,08:01:58,0, 0.477, 0.972,0
1,1688,1543, 3.162,08:01:59,0, 0.476, 0.955,0
1,1686,1544, 2.236,08:02:00,0, 0.473, 0.967,0
1,1685,1545, 1.414,08:02:01,0, 0.472, 0.973,0
1,1685,1542, 3.000,08:02:02,0, 0.492, 0.975,0
1,1685,1539, 3.000,08:02:03,0, 0.496, 0.976,0
1,1685,1538, 1.000,08:02:04,0, 0.477, 0.980,0
1,1684,1538, 1.000,08:02:05,0, 0.474, 0.980,0
1,1685,1538, 1.000,08:02:06,0, 0.473, 0.976,0
1,1685,1538, 0.000,08:02:07,0, 0.471, 0.979,0
1,1685,1538, 0.000,08:02:08,0, 0.484, 0.980,0
1,1685,1538, 0.000,08:02:09,0, 0.484, 0.980,0
1,1686,1538, 1.000,08:02:10,0, 0.465, 0.978,0
1,1687,1538, 1.000,08:02:11,0, 0.463, 0.975,0
1,1686,1538, 1.000,08:02:12,0, 0.479, 0.976,0
1,1685,1539, 1.414,08:02:13,0, 0.488, 0.967,0
1,1685,1539, 0.000,08:02:14,0, 0.481, 0.975,0
1,1685,1540, 1.000,08:02:15,0, 0.471, 0.980,0
2,1684,1540, 1.000,08:02:16,0, 0.468, 0.985,0
2,1684,1540, 0.000,08:02:17,0, 0.456, 0.983,0
2,1685,1540, 1.000,08:02:18,0, 0.484, 0.985,0
2,1686,1540, 1.000,08:02:19,0, 0.472, 0.984,0
2,1686,1540, 0.000,08:02:20,0, 0.485, 0.976,0
2,1688,1540, 2.000,08:02:21,0, 0.479, 0.985,0
2,1688,1540, 0.000,08:02:22,0, 0.476, 0.985,0
2,1688,1540, 0.000,08:02:23,0, 0.470, 0.986,0
2,1687,1540, 1.000,08:02:24,0, 0.486, 0.983,0
2,1687,1540, 0.000,08:02:25,0, 0.470, 0.985,0
2,1687,1540, 0.000,08:02:26,0, 0.479, 0.985,0
2,1686,1540, 1.000,08:02:27,0, 0.478, 0.982,0
2,1686,1538, 2.000,08:02:28,0, 0.479, 0.987,0
2,1686,1538, 0.000,08:02:29,0, 0.471, 0.985,0
2,1686,1538, 0.000,08:02:30,0, 0.481, 0.982,0
2,1686,1539, 1.000,08:02:31,0, 0.471, 0.984,0
2,1686,1539, 0.000,08:02:32,0, 0.479, 0.983,0
2,1686,1539, 0.000,08:02:33,0, 0.477, 0.986,0
2,1686,1539, 0.000,08:02:34,0, 0.480, 0.972,0
2,1686,1538, 1.000,08:02:35,0, 0.482, 0.969,0
2,1687,1538, 1.000,08:02:36,0, 0.484, 0.982,0
2,1686,1540, 2.236,08:02:37,0, 0.473, 0.982,0
2,1686,1541, 1.000,08:02:38,0, 0.475, 0.985,0
2,1686,1541, 0.000,08:02:39,0, 0.470, 0.984,0
2,1686,1540, 1.000,08:02:40,0, 0.487, 0.980,0
2,1687,1539, 1.414,08:02:41,0, 0.484, 0.978,0
2,1686,1539, 1.000,08:02:42,0, 0.499, 0.981,0
2,1687,1540, 1.414,08:02:43,0, 0.494, 0.984,0
2,1687,1540, 0.000,08:02:44,0, 0.493, 0.985,0
2,1686,1540, 1.000,08:02:45,0, 0.482, 0.985,0
2,1687,1540, 1.000,08:02:46,0, 0.491, 0.985,0
2,1686,1540, 1.000,08:02:47,0, 0.481, 0.962,0
2,1687,1540, 1.000,08:02:48,0, 0.480, 0.982,0
2,1687,1540, 0.000,08:02:49,0, 0.480, 0.983,0
2,1687,1540, 0.000,08:02:50,0, 0.480, 0.982,0
2,1687,1539, 1.000,08:02:51,0, 0.485, 0.983,0
2,1687,1540, 1.000,08:02:52,0, 0.477, 0.984,0
2,1686,1539, 1.414,08:02:53,0, 0.470, 0.985,0
2,1687,1539, 1.000,08:02:54,0, 0.484, 0.984,0
2,1686,1539, 1.000,08:02:55,0, 0.484, 0.984,0
2,1687,1539, 1.000,08:02:56,0, 0.486, 0.982,0
2,1687,1539, 0.000,08:02:57,0, 0.487, 0.982,0
2,1687,1539, 0.000,08:02:58,0, 0.489, 0.985,0
2,1687,1540, 1.000,08:02:59,0, 0.483, 0.984,0
2,1687,1540, 0.000,08:03:00,0, 0.476, 0.984,0
2,1687,1540, 0.000,08:03:01,0, 0.480, 0.985,0
2,1687,1540, 0.000,08:03:02,0, 0.487, 0.985,0
2,1687,1540, 0.000,08:03:03,0, 0.487, 0.984,0
2,1687,1540, 0.000,08:03:04,0, 0.488, 0.985,0
2,1687,1539, 1.000,08:03:05,0, 0.497, 0.980,0
2,1687,1539, 0.000,08:03:06,0, 0.481, 0.986,0
2,1687,1539, 0.000,08:03:07,0, 0.486, 0.984,0
2,1687,1539, 0.000,08:03:08,0, 0.485, 0.985,0
2,1687,1539, 0.000,08:03:09,0, 0.484, 0.985,0
2,1687,1539, 0.000,08:03:10,0, 0.497, 0.981,0
2,1687,1539, 0.000,08:03:11,0, 0.501, 0.983,0
2,1687,1538, 1.000,08:03:12,0, 0.500, 0.983,0
2,1687,1538, 0.000,08:03:13,0, 0.490, 0.985,0
2,1687,1539, 1.000,08:03:14,0, 0.497, 0.985,0
2,1687,1539, 0.000,08:03:15,0, 0.490, 0.986,0
1,1687,1539, 0.000,08:03:16,0, 0.517, 0.976,0
1,1687,1539, 0.000,08:03:17,0, 0.514, 0.977,0
1,1687,1539, 0.000,08:03:18,0, 0.498, 0.977,0
1,1687,1539, 0.000,08:03:19,0, 0.510, 0.976,0
1,1687,1539, 0.000,08:03:20,0, 0.509, 0.978,0
1,1687,1539, 0.000,08:03:21,0, 0.506, 0.980,0
1,1687,1539, 0.000,08:03:22,0, 0.516, 0.978,0
1,1687,1539, 0.000,08:03:23,0, 0.513, 0.976,0
1,1687,1539, 0.000,08:03:24,0, 0.496, 0.980,0
1,1687,1539, 0.000,08:03:25,0, 0.503, 0.982,0
1,1687,1541, 2.000,08:03:26,0, 0.504, 0.976,0
1,1687,1541, 0.000,08:03:27,0, 0.504, 0.980,0
1,1687,1541, 0.000,08:03:28,0, 0.513, 0.974,0
1,1687,1541, 0.000,08:03:29,0, 0.506, 0.976,0
1,1686,1542, 1.414,08:03:30,0, 0.524, 0.979,0
1,1687,1540, 2.236,08:03:31,0, 0.513, 0.979,0
1,1687,1540, 0.000,08:03:32,0, 0.515, 0.980,0
1,1687,1540, 0.000,08:03:33,0, 0.515, 0.981,0
1,1687,1540, 0.000,08:03:34,0, 0.505, 0.980,0
1,1687,1540, 0.000,08:03:35,0, 0.512, 0.976,0
1,1686,1540, 1.000,08:03:36,0, 0.498, 0.978,0
1,1686,1540, 0.000,08:03:37,0, 0.506, 0.979,0
1,1687,1539, 1.414,08:03:38,0, 0.503, 0.977,0
1,1687,1538, 1.000,08:03:39,0, 0.496, 0.980,0
1,1687,1538, 0.000,08:03:40,0, 0.507, 0.977,0
1,1687,1539, 1.000,08:03:41,0, 0.506, 0.976,0
1,1687,1539, 0.000,08:03:42,0, 0.511, 0.978,0
1,1687,1540, 1.000,08:03:43,0, 0.504, 0.977,0
1,1687,1540, 0.000,08:03:44,0, 0.519, 0.975,0
2,1687,1540, 0.000,08:03:45,0, 0.510, 0.983,0
2,1687,1540, 0.000,08:03:46,0, 0.507, 0.988,0
2,1687,1539, 1.000,08:03:47,0, 0.510, 0.988,0
2,1687,1539, 0.000,08:03:48,0, 0.505, 0.988,0
2,1687,1539, 0.000,08:03:49,0, 0.499, 0.987,0
2,1687,1539, 0.000,08:03:50,0, 0.511, 0.985,0
2,1687,1540, 1.000,08:03:51,0, 0.512, 0.987,0
2,1687,1539, 1.000,08:03:52,0, 0.506, 0.988,0
2,1687,1539, 0.000,08:03:53,0, 0.501, 0.987,0
2,1687,1538, 1.000,08:03:54,0, 0.506, 0.983,0
2,1687,1538, 0.000,08:03:55,0, 0.511, 0.985,0
2,1687,1538, 0.000,08:03:56,0, 0.508, 0.983,0
2,1686,1541, 3.162,08:03:57,0, 0.513, 0.985,0
2,1686,1541, 0.000,08:03:58,0, 0.516, 0.984,0
2,1686,1540, 1.000,08:03:59,0, 0.500, 0.984,0
2,1687,1539, 1.414,08:04:00,0, 0.504, 0.986,0
2,1687,1539, 0.000,08:04:01,0, 0.504, 0.981,0
2,1687,1539, 0.000,08:04:02,0, 0.495, 0.979,0
2,1686,1538, 1.414,08:04:03,0, 0.515, 0.974,0
2,1686,1537, 1.000,08:04:04,0, 0.485, 0.974,0
2,1685,1537, 1.000,08:04:05,0, 0.507, 0.984,0
2,1685,1537, 0.000,08:04:06,0, 0.523, 0.971,0
2,1685,1537, 0.000,08:04:07,0, 0.507, 0.983,0
2,1685,1536, 1.000,08:04:08,0, 0.505, 0.982,0
2,1685,1536, 0.000,08:04:09,0, 0.498, 0.982,0
2,1685,1536, 0.000,08:04:10,0, 0.489, 0.984,0
2,1685,1537, 1.000,08:04:11,0, 0.499, 0.985,0
2,1684,1537, 1.000,08:04:12,0, 0.503, 0.986,0
2,1685,1537, 1.000,08:04:13,0, 0.495, 0.985,0
2,1685,1537, 0.000,08:04:14,0, 0.512, 0.981,0
2,1686,1538, 1.414,08:04:15,0, 0.506, 0.983,0
2,1687,1539, 1.414,08:04:16,0, 0.500, 0.984,0
2,1688,1542, 3.162,08:04:17,0, 0.510, 0.982,0
2,1687,1542, 1.000,08:04:18,0, 0.503, 0.973,0
2,1686,1546, 4.123,08:04:19,0, 0.487, 0.974,0
2,1686,1545, 1.000,08:04:20,0, 0.534, 0.976,0
2,1686,1545, 0.000,08:04:21,0, 0.515, 0.970,0
2,1686,1545, 0.000,08:04:22,0, 0.520, 0.971,0
2,1686,1548, 3.000,08:04:23,0, 0.511, 0.978,0
2,1686,1548, 0.000,08:04:24,0, 0.532, 0.972,0
2,1686,1548, 0.000,08:04:25,0, 0.546, 0.949,0
2,1686,1549, 1.000,08:04:26,0, 0.519, 0.978,0
2,1686,1548, 1.000,08:04:27,0, 0.520, 0.975,0
2,1686,1548, 0.000,08:04:28,0, 0.525, 0.964,0
2,1686,1548, 0.000,08:04:29,0, 0.512, 0.955,0
2,1686,1547, 1.000,08:04:30,0, 0.522, 0.968,0
2,1686,1547, 0.000,08:04:31,0, 0.517, 0.982,0
2,1686,1548, 1.000,08:04:32,0, 0.531, 0.976,0
2,1686,1548, 0.000,08:04:33,0, 0.529, 0.967,0
2,1686,1545, 3.000,08:04:34,0, 0.512, 0.984,0
-1,1686,1545, 0.000,08:04:35,0, 0.496, 0.939,0
2,1685,1544, 1.414,08:04:36,0, 0.499, 0.961,0
2,1685,1544, 0.000,08:04:37,0, 0.509, 0.979,0
2,1685,1544, 0.000,08:04:38,0, 0.498, 0.983,0
2,1686,1544, 1.000,08:04:39,0, 0.499, 0.986,0
2,1686,1544, 0.000,08:04:40,0, 0.499, 0.983,0
2,1686,1544, 0.000,08:04:41,0, 0.488, 0.979,0
2,1685,1544, 1.000,08:04:42,0, 0.505, 0.983,0
2,1685,1544, 0.000,08:04:43,0, 0.491, 0.951,0
2,1685,1544, 0.000,08:04:44,0, 0.494, 0.960,0
1,1685,1544, 0.000,08:04:45,0, 0.499, 0.978,0
2,1685,1544, 0.000,08:04:46,0, 0.506, 0.971,0
2,1685,1544, 0.000,08:04:47,0, 0.499, 0.972,0
2,1686,1544, 1.000,08:04:48,0, 0.502, 0.983,0
2,1686,1544, 0.000,08:04:49,0, 0.510, 0.980,0
2,1687,1543, 1.414,08:04:50,0, 0.493, 0.983,0
2,1688,1543, 1.000,08:04:51,0, 0.501, 0.981,0
2,1689,1544, 1.414,08:04:52,0, 0.506, 0.978,0
2,1689,1542, 2.000,08:04:53,0, 0.503, 0.948,0
2,1689,1540, 2.000,08:04:54,0, 0.489, 0.977,0
2,1688,1541, 1.414,08:04:55,0, 0.490, 0.984,0
2,1689,1542, 1.414,08:04:56,1, 0.507, 0.982,0
2,1690,1542, 1.000,08:04:57,0, 0.507, 0.981,0
2,1689,1542, 1.000,08:04:58,0, 0.499, 0.973,0
2,1689,1542, 0.000,08:04:59,0, 0.502, 0.973,0
2,1689,1541, 1.000,08:05:00,0, 0.495, 0.967,0
2,1689,1541, 0.000,08:05:01,0, 0.507, 0.983,0
2,1689,1542, 1.000,08:05:02,0, 0.514, 0.971,0
2,1689,1542, 0.000,08:05:03,0, 0.498, 0.984,0
2,1690,1542, 1.000,08:05:04,0, 0.474, 0.973,0
2,1690,1542, 0.000,08:05:05,0, 0.474, 0.984,0
2,1689,1542, 1.000,08:05:06,0, 0.496, 0.966,0
2,1689,1542, 0.000,08:05:07,0, 0.493, 0.983,0
2,1689,1542, 0.000,08:05:08,0, 0.493, 0.987,0
2,1689,1542, 0.000,08:05:09,0, 0.501, 0.984,0
2,1689,1542, 0.000,08:05:10,0, 0.496, 0.980,0
2,1689,1542, 0.000,08:05:11,0, 0.493, 0.974,0
2,1689,1541, 1.000,08:05:12,0, 0.520, 0.977,0
2,1688,1541, 1.000,08:05:13,0, 0.501, 0.984,0
2,1687,1542, 1.414,08:05:14,0, 0.494, 0.984,0
2,1687,1544, 2.000,08:05:15,0, 0.497, 0.985,0
2,1686,1547, 3.162,08:05:16,0, 0.510, 0.983,0
2,1686,1547, 0.000,08:05:17,0, 0.521, 0.972,0
2,1686,1547, 0.000,08:05:18,0, 0.511, 0.970,0
2,1686,1547, 0.000,08:05:19,0, 0.515, 0.965,0
2,1686,1547, 0.000,08:05:20,0, 0.507, 0.969,0
2,1686,1547, 0.000,08:05:21,0, 0.519, 0.978,0
2,1686,1547, 0.000,08:05:22,0, 0.519, 0.984,0
2,1686,1547, 0.000,08:05:23,0, 0.522, 0.985,0
2,1686,1547, 0.000,08:05:24,0, 0.511, 0.986,0
2,1686,1547, 0.000,08:05:25,0, 0.510, 0.987,0
2,1686,1547, 0.000,08:05:26,0, 0.494, 0.968,0
2,1686,1547, 0.000,08:05:27,0, 0.507, 0.965,0
2,1685,1547, 1.000,08:05:28,0, 0.507, 0.973,0
2,1685,1547, 0.000,08:05:29,0, 0.516, 0.982,0
2,1685,1546, 1.000,08:05:30,0, 0.519, 0.981,0
2,1685,1547, 1.000,08:05:31,0, 0.510, 0.983,0
2,1685,1548, 1.000,08:05:32,0, 0.504, 0.984,0
2,1685,1548, 0.000,08:05:33,0, 0.508, 0.986,0
2,1685,1547, 1.000,08:05:34,0, 0.520, 0.982,0
2,1684,1547, 1.000,08:05:35,0, 0.512, 0.984,0
2,1684,1547, 0.000,08:05:36,0, 0.503, 0.978,0
2,1681,1548, 3.162,08:05:37,0, 0.494, 0.977,0
2,1681,1548, 0.000,08:05:38,0, 0.512, 0.973,0
2,1682,1548, 1.000,08:05:39,0, 0.519, 0.978,0
2,1682,1547, 1.000,08:05:40,0, 0.528, 0.959,0
2,1683,1548, 1.414,08:05:41,0, 0.515, 0.962,0
2,1682,1548, 1.000,08:05:42,0, 0.521, 0.982,0
2,1682,1548, 0.000,08:05:43,0, 0.504, 0.965,0
2,1682,1548, 0.000,08:05:44,0, 0.501, 0.965,0
2,1682,1548, 0.000,08:05:45,0, 0.495, 0.965,0
2,1681,1549, 1.414,08:05:46,0, 0.500, 0.982,0
2,1681,1551, 2.000,08:05:47,0, 0.497, 0.982,0
2,1682,1551, 1.000,08:05:48,0, 0.507, 0.976,0
2,1681,1551, 1.000,08:05:49,0, 0.530, 0.972,0
2,1679,1551, 2.000,08:05:50,0, 0.547, 0.967,0
2,1677,1552, 2.236,08:05:51,1, 0.524, 0.976,0
2,1675,1550, 2.828,08:05:52,0, 0.502, 0.973,0
2,1675,1548, 2.000,08:05:53,0, 0.512, 0.976,0
2,1674,1547, 1.414,08:05:54,0, 0.498, 0.980,0
2,1674,1547, 0.000,08:05:55,0, 0.491, 0.981,0
2,1673,1547, 1.000,08:05:56,0, 0.499, 0.980,0
2,1675,1549, 2.828,08:05:57,0, 0.469, 0.978,0
2,1675,1548, 1.000,08:05:58,0, 0.504, 0.959,0
2,1675,1549, 1.000,08:05:59,0, 0.487, 0.966,0
2,1676,1547, 2.236,08:06:00,0, 0.493, 0.967,0
2,1675,1548, 1.414,08:06:01,0, 0.480, 0.949,0
2,1675,1548, 0.000,08:06:02,1, 0.492, 0.978,0
2,1675,1548, 0.000,08:06:03,0, 0.513, 0.982,0
2,1675,1549, 1.000,08:06:04,0, 0.485, 0.980,0
2,1675,1548, 1.000,08:06:05,0, 0.482, 0.983,0
2,1674,1549, 1.414,08:06:06,0, 0.472, 0.984,0
